time,day,road_id,vehicles
00:00,Monday,R101,287
00:00,Monday,R102,184
00:00,Monday,R103,258
00:00,Monday,R104,181
00:00,Monday,R105,170
00:00,Monday,R106,115
00:00,Monday,R107,149
00:00,Monday,R108,118
00:00,Monday,R109,142
00:00,Monday,R110,223
00:00,Monday,R111,120
00:00,Monday,R112,208
00:15,Monday,R101,281
00:15,Monday,R102,139
00:15,Monday,R103,199
00:15,Monday,R104,129
00:15,Monday,R105,151
00:15,Monday,R106,129
00:15,Monday,R107,87
00:15,Monday,R108,80
00:15,Monday,R109,191
00:15,Monday,R110,203
00:15,Monday,R111,134
00:15,Monday,R112,184
00:30,Monday,R101,261
00:30,Monday,R102,190
00:30,Monday,R103,213
00:30,Monday,R104,152
00:30,Monday,R105,161
00:30,Monday,R106,114
00:30,Monday,R107,95
00:30,Monday,R108,145
00:30,Monday,R109,154
00:30,Monday,R110,183
00:30,Monday,R111,153
00:30,Monday,R112,189
00:45,Monday,R101,280
00:45,Monday,R102,138
00:45,Monday,R103,209
00:45,Monday,R104,148
00:45,Monday,R105,194
00:45,Monday,R106,125
00:45,Monday,R107,107
00:45,Monday,R108,91
00:45,Monday,R109,117
00:45,Monday,R110,191
00:45,Monday,R111,120
00:45,Monday,R112,246
01:00,Monday,R101,284
01:00,Monday,R102,143
01:00,Monday,R103,250
01:00,Monday,R104,133
01:00,Monday,R105,159
01:00,Monday,R106,136
01:00,Monday,R107,136
01:00,Monday,R108,122
01:00,Monday,R109,133
01:00,Monday,R110,201
01:00,Monday,R111,140
01:00,Monday,R112,244
01:15,Monday,R101,263
01:15,Monday,R102,182
01:15,Monday,R103,214
01:15,Monday,R104,113
01:15,Monday,R105,196
01:15,Monday,R106,155
01:15,Monday,R107,108
01:15,Monday,R108,124
01:15,Monday,R109,163
01:15,Monday,R110,193
01:15,Monday,R111,141
01:15,Monday,R112,258
01:30,Monday,R101,274
01:30,Monday,R102,226
01:30,Monday,R103,177
01:30,Monday,R104,164
01:30,Monday,R105,178
01:30,Monday,R106,114
01:30,Monday,R107,112
01:30,Monday,R108,80
01:30,Monday,R109,149
01:30,Monday,R110,218
01:30,Monday,R111,169
01:30,Monday,R112,207
01:45,Monday,R101,255
01:45,Monday,R102,174
01:45,Monday,R103,265
01:45,Monday,R104,151
01:45,Monday,R105,163
01:45,Monday,R106,134
01:45,Monday,R107,112
01:45,Monday,R108,123
01:45,Monday,R109,136
01:45,Monday,R110,201
01:45,Monday,R111,122
01:45,Monday,R112,183
02:00,Monday,R101,282
02:00,Monday,R102,194
02:00,Monday,R103,242
02:00,Monday,R104,137
02:00,Monday,R105,141
02:00,Monday,R106,110
02:00,Monday,R107,101
02:00,Monday,R108,80
02:00,Monday,R109,150
02:00,Monday,R110,219
02:00,Monday,R111,179
02:00,Monday,R112,224
02:15,Monday,R101,281
02:15,Monday,R102,185
02:15,Monday,R103,194
02:15,Monday,R104,142
02:15,Monday,R105,178
02:15,Monday,R106,183
02:15,Monday,R107,105
02:15,Monday,R108,107
02:15,Monday,R109,153
02:15,Monday,R110,180
02:15,Monday,R111,161
02:15,Monday,R112,239
02:30,Monday,R101,295
02:30,Monday,R102,164
02:30,Monday,R103,277
02:30,Monday,R104,108
02:30,Monday,R105,191
02:30,Monday,R106,176
02:30,Monday,R107,85
02:30,Monday,R108,85
02:30,Monday,R109,156
02:30,Monday,R110,196
02:30,Monday,R111,93
02:30,Monday,R112,222
02:45,Monday,R101,248
02:45,Monday,R102,199
02:45,Monday,R103,219
02:45,Monday,R104,182
02:45,Monday,R105,156
02:45,Monday,R106,113
02:45,Monday,R107,130
02:45,Monday,R108,80
02:45,Monday,R109,160
02:45,Monday,R110,242
02:45,Monday,R111,92
02:45,Monday,R112,225
03:00,Monday,R101,281
03:00,Monday,R102,207
03:00,Monday,R103,211
03:00,Monday,R104,110
03:00,Monday,R105,189
03:00,Monday,R106,128
03:00,Monday,R107,116
03:00,Monday,R108,108
03:00,Monday,R109,137
03:00,Monday,R110,215
03:00,Monday,R111,139
03:00,Monday,R112,202
03:15,Monday,R101,322
03:15,Monday,R102,199
03:15,Monday,R103,212
03:15,Monday,R104,159
03:15,Monday,R105,152
03:15,Monday,R106,141
03:15,Monday,R107,139
03:15,Monday,R108,80
03:15,Monday,R109,178
03:15,Monday,R110,219
03:15,Monday,R111,153
03:15,Monday,R112,267
03:30,Monday,R101,269
03:30,Monday,R102,168
03:30,Monday,R103,220
03:30,Monday,R104,123
03:30,Monday,R105,174
03:30,Monday,R106,130
03:30,Monday,R107,117
03:30,Monday,R108,120
03:30,Monday,R109,154
03:30,Monday,R110,245
03:30,Monday,R111,125
03:30,Monday,R112,288
03:45,Monday,R101,291
03:45,Monday,R102,166
03:45,Monday,R103,215
03:45,Monday,R104,155
03:45,Monday,R105,170
03:45,Monday,R106,139
03:45,Monday,R107,122
03:45,Monday,R108,97
03:45,Monday,R109,133
03:45,Monday,R110,171
03:45,Monday,R111,121
03:45,Monday,R112,241
04:00,Monday,R101,280
04:00,Monday,R102,156
04:00,Monday,R103,246
04:00,Monday,R104,153
04:00,Monday,R105,154
04:00,Monday,R106,125
04:00,Monday,R107,111
04:00,Monday,R108,80
04:00,Monday,R109,163
04:00,Monday,R110,223
04:00,Monday,R111,159
04:00,Monday,R112,246
04:15,Monday,R101,241
04:15,Monday,R102,164
04:15,Monday,R103,255
04:15,Monday,R104,156
04:15,Monday,R105,189
04:15,Monday,R106,217
04:15,Monday,R107,124
04:15,Monday,R108,127
04:15,Monday,R109,178
04:15,Monday,R110,225
04:15,Monday,R111,124
04:15,Monday,R112,239
04:30,Monday,R101,256
04:30,Monday,R102,181
04:30,Monday,R103,230
04:30,Monday,R104,145
04:30,Monday,R105,234
04:30,Monday,R106,80
04:30,Monday,R107,127
04:30,Monday,R108,80
04:30,Monday,R109,142
04:30,Monday,R110,236
04:30,Monday,R111,134
04:30,Monday,R112,193
04:45,Monday,R101,258
04:45,Monday,R102,205
04:45,Monday,R103,225
04:45,Monday,R104,149
04:45,Monday,R105,178
04:45,Monday,R106,105
04:45,Monday,R107,164
04:45,Monday,R108,115
04:45,Monday,R109,104
04:45,Monday,R110,214
04:45,Monday,R111,116
04:45,Monday,R112,242
05:00,Monday,R101,257
05:00,Monday,R102,185
05:00,Monday,R103,256
05:00,Monday,R104,166
05:00,Monday,R105,147
05:00,Monday,R106,113
05:00,Monday,R107,99
05:00,Monday,R108,83
05:00,Monday,R109,199
05:00,Monday,R110,220
05:00,Monday,R111,101
05:00,Monday,R112,244
05:15,Monday,R101,331
05:15,Monday,R102,215
05:15,Monday,R103,207
05:15,Monday,R104,133
05:15,Monday,R105,209
05:15,Monday,R106,105
05:15,Monday,R107,122
05:15,Monday,R108,120
05:15,Monday,R109,133
05:15,Monday,R110,209
05:15,Monday,R111,80
05:15,Monday,R112,197
05:30,Monday,R101,274
05:30,Monday,R102,160
05:30,Monday,R103,288
05:30,Monday,R104,111
05:30,Monday,R105,168
05:30,Monday,R106,127
05:30,Monday,R107,148
05:30,Monday,R108,80
05:30,Monday,R109,187
05:30,Monday,R110,213
05:30,Monday,R111,110
05:30,Monday,R112,236
05:45,Monday,R101,290
05:45,Monday,R102,179
05:45,Monday,R103,254
05:45,Monday,R104,140
05:45,Monday,R105,185
05:45,Monday,R106,142
05:45,Monday,R107,154
05:45,Monday,R108,80
05:45,Monday,R109,214
05:45,Monday,R110,167
05:45,Monday,R111,133
05:45,Monday,R112,243
06:00,Monday,R101,299
06:00,Monday,R102,184
06:00,Monday,R103,255
06:00,Monday,R104,142
06:00,Monday,R105,171
06:00,Monday,R106,150
06:00,Monday,R107,127
06:00,Monday,R108,89
06:00,Monday,R109,189
06:00,Monday,R110,229
06:00,Monday,R111,161
06:00,Monday,R112,251
06:15,Monday,R101,284
06:15,Monday,R102,195
06:15,Monday,R103,292
06:15,Monday,R104,178
06:15,Monday,R105,193
06:15,Monday,R106,137
06:15,Monday,R107,155
06:15,Monday,R108,97
06:15,Monday,R109,189
06:15,Monday,R110,224
06:15,Monday,R111,141
06:15,Monday,R112,273
06:30,Monday,R101,344
06:30,Monday,R102,244
06:30,Monday,R103,326
06:30,Monday,R104,176
06:30,Monday,R105,221
06:30,Monday,R106,135
06:30,Monday,R107,139
06:30,Monday,R108,117
06:30,Monday,R109,192
06:30,Monday,R110,257
06:30,Monday,R111,135
06:30,Monday,R112,315
06:45,Monday,R101,327
06:45,Monday,R102,214
06:45,Monday,R103,352
06:45,Monday,R104,215
06:45,Monday,R105,236
06:45,Monday,R106,171
06:45,Monday,R107,144
06:45,Monday,R108,110
06:45,Monday,R109,212
06:45,Monday,R110,245
06:45,Monday,R111,193
06:45,Monday,R112,284
07:00,Monday,R101,373
07:00,Monday,R102,267
07:00,Monday,R103,377
07:00,Monday,R104,208
07:00,Monday,R105,224
07:00,Monday,R106,179
07:00,Monday,R107,168
07:00,Monday,R108,137
07:00,Monday,R109,228
07:00,Monday,R110,296
07:00,Monday,R111,153
07:00,Monday,R112,289
07:15,Monday,R101,433
07:15,Monday,R102,313
07:15,Monday,R103,434
07:15,Monday,R104,298
07:15,Monday,R105,299
07:15,Monday,R106,194
07:15,Monday,R107,187
07:15,Monday,R108,149
07:15,Monday,R109,281
07:15,Monday,R110,323
07:15,Monday,R111,224
07:15,Monday,R112,354
07:30,Monday,R101,540
07:30,Monday,R102,413
07:30,Monday,R103,504
07:30,Monday,R104,322
07:30,Monday,R105,339
07:30,Monday,R106,222
07:30,Monday,R107,226
07:30,Monday,R108,208
07:30,Monday,R109,338
07:30,Monday,R110,363
07:30,Monday,R111,254
07:30,Monday,R112,454
07:45,Monday,R101,665
07:45,Monday,R102,471
07:45,Monday,R103,668
07:45,Monday,R104,358
07:45,Monday,R105,400
07:45,Monday,R106,279
07:45,Monday,R107,318
07:45,Monday,R108,229
07:45,Monday,R109,385
07:45,Monday,R110,434
07:45,Monday,R111,247
07:45,Monday,R112,513
08:00,Monday,R101,717
08:00,Monday,R102,539
08:00,Monday,R103,744
08:00,Monday,R104,503
08:00,Monday,R105,470
08:00,Monday,R106,312
08:00,Monday,R107,293
08:00,Monday,R108,312
08:00,Monday,R109,458
08:00,Monday,R110,576
08:00,Monday,R111,386
08:00,Monday,R112,617
08:15,Monday,R101,812
08:15,Monday,R102,677
08:15,Monday,R103,872
08:15,Monday,R104,579
08:15,Monday,R105,486
08:15,Monday,R106,372
08:15,Monday,R107,375
08:15,Monday,R108,360
08:15,Monday,R109,578
08:15,Monday,R110,642
08:15,Monday,R111,395
08:15,Monday,R112,745
08:30,Monday,R101,1036
08:30,Monday,R102,768
08:30,Monday,R103,1068
08:30,Monday,R104,617
08:30,Monday,R105,571
08:30,Monday,R106,485
08:30,Monday,R107,450
08:30,Monday,R108,405
08:30,Monday,R109,748
08:30,Monday,R110,732
08:30,Monday,R111,524
08:30,Monday,R112,885
08:45,Monday,R101,1297
08:45,Monday,R102,936
08:45,Monday,R103,1186
08:45,Monday,R104,788
08:45,Monday,R105,724
08:45,Monday,R106,557
08:45,Monday,R107,486
08:45,Monday,R108,508
08:45,Monday,R109,851
08:45,Monday,R110,769
08:45,Monday,R111,540
08:45,Monday,R112,927
09:00,Monday,R101,1323
09:00,Monday,R102,1012
09:00,Monday,R103,1451
09:00,Monday,R104,860
09:00,Monday,R105,850
09:00,Monday,R106,553
09:00,Monday,R107,533
09:00,Monday,R108,555
09:00,Monday,R109,938
09:00,Monday,R110,939
09:00,Monday,R111,583
09:00,Monday,R112,1149
09:15,Monday,R101,1389
09:15,Monday,R102,1115
09:15,Monday,R103,1527
09:15,Monday,R104,908
09:15,Monday,R105,850
09:15,Monday,R106,618
09:15,Monday,R107,635
09:15,Monday,R108,641
09:15,Monday,R109,975
09:15,Monday,R110,1057
09:15,Monday,R111,691
09:15,Monday,R112,1227
09:30,Monday,R101,1575
09:30,Monday,R102,1108
09:30,Monday,R103,1574
09:30,Monday,R104,965
09:30,Monday,R105,1015
09:30,Monday,R106,698
09:30,Monday,R107,662
09:30,Monday,R108,667
09:30,Monday,R109,1093
09:30,Monday,R110,1096
09:30,Monday,R111,781
09:30,Monday,R112,1414
09:45,Monday,R101,1612
09:45,Monday,R102,1182
09:45,Monday,R103,1666
09:45,Monday,R104,956
09:45,Monday,R105,906
09:45,Monday,R106,772
09:45,Monday,R107,767
09:45,Monday,R108,682
09:45,Monday,R109,1178
09:45,Monday,R110,1171
09:45,Monday,R111,903
09:45,Monday,R112,1500
10:00,Monday,R101,1666
10:00,Monday,R102,1178
10:00,Monday,R103,1588
10:00,Monday,R104,1092
10:00,Monday,R105,952
10:00,Monday,R106,690
10:00,Monday,R107,703
10:00,Monday,R108,666
10:00,Monday,R109,1254
10:00,Monday,R110,1217
10:00,Monday,R111,804
10:00,Monday,R112,1545
10:15,Monday,R101,1658
10:15,Monday,R102,1166
10:15,Monday,R103,1803
10:15,Monday,R104,1092
10:15,Monday,R105,927
10:15,Monday,R106,721
10:15,Monday,R107,686
10:15,Monday,R108,647
10:15,Monday,R109,1196
10:15,Monday,R110,1254
10:15,Monday,R111,743
10:15,Monday,R112,1464
10:30,Monday,R101,1536
10:30,Monday,R102,1137
10:30,Monday,R103,1572
10:30,Monday,R104,980
10:30,Monday,R105,934
10:30,Monday,R106,670
10:30,Monday,R107,692
10:30,Monday,R108,659
10:30,Monday,R109,1086
10:30,Monday,R110,1062
10:30,Monday,R111,740
10:30,Monday,R112,1414
10:45,Monday,R101,1509
10:45,Monday,R102,1034
10:45,Monday,R103,1509
10:45,Monday,R104,980
10:45,Monday,R105,805
10:45,Monday,R106,665
10:45,Monday,R107,617
10:45,Monday,R108,630
10:45,Monday,R109,986
10:45,Monday,R110,949
10:45,Monday,R111,656
10:45,Monday,R112,1276
11:00,Monday,R101,1355
11:00,Monday,R102,941
11:00,Monday,R103,1399
11:00,Monday,R104,793
11:00,Monday,R105,789
11:00,Monday,R106,557
11:00,Monday,R107,560
11:00,Monday,R108,557
11:00,Monday,R109,887
11:00,Monday,R110,924
11:00,Monday,R111,672
11:00,Monday,R112,1124
11:15,Monday,R101,1232
11:15,Monday,R102,823
11:15,Monday,R103,1229
11:15,Monday,R104,804
11:15,Monday,R105,626
11:15,Monday,R106,503
11:15,Monday,R107,525
11:15,Monday,R108,486
11:15,Monday,R109,827
11:15,Monday,R110,813
11:15,Monday,R111,572
11:15,Monday,R112,1013
11:30,Monday,R101,1086
11:30,Monday,R102,760
11:30,Monday,R103,1052
11:30,Monday,R104,638
11:30,Monday,R105,600
11:30,Monday,R106,443
11:30,Monday,R107,452
11:30,Monday,R108,413
11:30,Monday,R109,709
11:30,Monday,R110,796
11:30,Monday,R111,517
11:30,Monday,R112,870
11:45,Monday,R101,929
11:45,Monday,R102,627
11:45,Monday,R103,798
11:45,Monday,R104,524
11:45,Monday,R105,480
11:45,Monday,R106,379
11:45,Monday,R107,376
11:45,Monday,R108,401
11:45,Monday,R109,600
11:45,Monday,R110,619
11:45,Monday,R111,444
11:45,Monday,R112,677
12:00,Monday,R101,753
12:00,Monday,R102,557
12:00,Monday,R103,687
12:00,Monday,R104,487
12:00,Monday,R105,457
12:00,Monday,R106,318
12:00,Monday,R107,332
12:00,Monday,R108,358
12:00,Monday,R109,498
12:00,Monday,R110,538
12:00,Monday,R111,346
12:00,Monday,R112,608
12:15,Monday,R101,653
12:15,Monday,R102,430
12:15,Monday,R103,616
12:15,Monday,R104,369
12:15,Monday,R105,393
12:15,Monday,R106,285
12:15,Monday,R107,291
12:15,Monday,R108,238
12:15,Monday,R109,403
12:15,Monday,R110,428
12:15,Monday,R111,291
12:15,Monday,R112,540
12:30,Monday,R101,555
12:30,Monday,R102,359
12:30,Monday,R103,538
12:30,Monday,R104,352
12:30,Monday,R105,337
12:30,Monday,R106,283
12:30,Monday,R107,205
12:30,Monday,R108,180
12:30,Monday,R109,298
12:30,Monday,R110,426
12:30,Monday,R111,274
12:30,Monday,R112,448
12:45,Monday,R101,473
12:45,Monday,R102,301
12:45,Monday,R103,503
12:45,Monday,R104,274
12:45,Monday,R105,289
12:45,Monday,R106,223
12:45,Monday,R107,206
12:45,Monday,R108,186
12:45,Monday,R109,272
12:45,Monday,R110,352
12:45,Monday,R111,271
12:45,Monday,R112,421
13:00,Monday,R101,457
13:00,Monday,R102,280
13:00,Monday,R103,367
13:00,Monday,R104,235
13:00,Monday,R105,260
13:00,Monday,R106,211
13:00,Monday,R107,130
13:00,Monday,R108,198
13:00,Monday,R109,253
13:00,Monday,R110,296
13:00,Monday,R111,175
13:00,Monday,R112,303
13:15,Monday,R101,410
13:15,Monday,R102,274
13:15,Monday,R103,330
13:15,Monday,R104,188
13:15,Monday,R105,234
13:15,Monday,R106,213
13:15,Monday,R107,154
13:15,Monday,R108,111
13:15,Monday,R109,231
13:15,Monday,R110,281
13:15,Monday,R111,120
13:15,Monday,R112,319
13:30,Monday,R101,375
13:30,Monday,R102,284
13:30,Monday,R103,400
13:30,Monday,R104,242
13:30,Monday,R105,231
13:30,Monday,R106,140
13:30,Monday,R107,221
13:30,Monday,R108,146
13:30,Monday,R109,231
13:30,Monday,R110,281
13:30,Monday,R111,188
13:30,Monday,R112,310
13:45,Monday,R101,376
13:45,Monday,R102,260
13:45,Monday,R103,363
13:45,Monday,R104,207
13:45,Monday,R105,225
13:45,Monday,R106,175
13:45,Monday,R107,154
13:45,Monday,R108,186
13:45,Monday,R109,171
13:45,Monday,R110,316
13:45,Monday,R111,219
13:45,Monday,R112,270
14:00,Monday,R101,409
14:00,Monday,R102,284
14:00,Monday,R103,357
14:00,Monday,R104,219
14:00,Monday,R105,231
14:00,Monday,R106,228
14:00,Monday,R107,196
14:00,Monday,R108,192
14:00,Monday,R109,275
14:00,Monday,R110,279
14:00,Monday,R111,188
14:00,Monday,R112,358
14:15,Monday,R101,433
14:15,Monday,R102,345
14:15,Monday,R103,434
14:15,Monday,R104,260
14:15,Monday,R105,303
14:15,Monday,R106,215
14:15,Monday,R107,184
14:15,Monday,R108,209
14:15,Monday,R109,263
14:15,Monday,R110,354
14:15,Monday,R111,237
14:15,Monday,R112,377
14:30,Monday,R101,536
14:30,Monday,R102,344
14:30,Monday,R103,530
14:30,Monday,R104,308
14:30,Monday,R105,309
14:30,Monday,R106,258
14:30,Monday,R107,203
14:30,Monday,R108,172
14:30,Monday,R109,297
14:30,Monday,R110,398
14:30,Monday,R111,221
14:30,Monday,R112,485
14:45,Monday,R101,554
14:45,Monday,R102,480
14:45,Monday,R103,600
14:45,Monday,R104,366
14:45,Monday,R105,357
14:45,Monday,R106,279
14:45,Monday,R107,256
14:45,Monday,R108,271
14:45,Monday,R109,400
14:45,Monday,R110,444
14:45,Monday,R111,284
14:45,Monday,R112,513
15:00,Monday,R101,724
15:00,Monday,R102,472
15:00,Monday,R103,661
15:00,Monday,R104,456
15:00,Monday,R105,434
15:00,Monday,R106,310
15:00,Monday,R107,303
15:00,Monday,R108,296
15:00,Monday,R109,458
15:00,Monday,R110,491
15:00,Monday,R111,348
15:00,Monday,R112,579
15:15,Monday,R101,852
15:15,Monday,R102,559
15:15,Monday,R103,870
15:15,Monday,R104,531
15:15,Monday,R105,507
15:15,Monday,R106,393
15:15,Monday,R107,398
15:15,Monday,R108,365
15:15,Monday,R109,513
15:15,Monday,R110,560
15:15,Monday,R111,386
15:15,Monday,R112,713
15:30,Monday,R101,998
15:30,Monday,R102,686
15:30,Monday,R103,985
15:30,Monday,R104,591
15:30,Monday,R105,565
15:30,Monday,R106,394
15:30,Monday,R107,394
15:30,Monday,R108,366
15:30,Monday,R109,630
15:30,Monday,R110,722
15:30,Monday,R111,444
15:30,Monday,R112,933
15:45,Monday,R101,1150
15:45,Monday,R102,828
15:45,Monday,R103,1091
15:45,Monday,R104,736
15:45,Monday,R105,650
15:45,Monday,R106,498
15:45,Monday,R107,547
15:45,Monday,R108,462
15:45,Monday,R109,808
15:45,Monday,R110,768
15:45,Monday,R111,539
15:45,Monday,R112,1043
16:00,Monday,R101,1246
16:00,Monday,R102,1014
16:00,Monday,R103,1340
16:00,Monday,R104,797
16:00,Monday,R105,780
16:00,Monday,R106,589
16:00,Monday,R107,567
16:00,Monday,R108,492
16:00,Monday,R109,852
16:00,Monday,R110,890
16:00,Monday,R111,613
16:00,Monday,R112,1134
16:15,Monday,R101,1448
16:15,Monday,R102,990
16:15,Monday,R103,1486
16:15,Monday,R104,947
16:15,Monday,R105,869
16:15,Monday,R106,663
16:15,Monday,R107,643
16:15,Monday,R108,610
16:15,Monday,R109,990
16:15,Monday,R110,932
16:15,Monday,R111,703
16:15,Monday,R112,1251
16:30,Monday,R101,1600
16:30,Monday,R102,1094
16:30,Monday,R103,1534
16:30,Monday,R104,1067
16:30,Monday,R105,930
16:30,Monday,R106,717
16:30,Monday,R107,684
16:30,Monday,R108,661
16:30,Monday,R109,1143
16:30,Monday,R110,1080
16:30,Monday,R111,762
16:30,Monday,R112,1337
16:45,Monday,R101,1672
16:45,Monday,R102,1236
16:45,Monday,R103,1761
16:45,Monday,R104,1078
16:45,Monday,R105,1060
16:45,Monday,R106,720
16:45,Monday,R107,731
16:45,Monday,R108,699
16:45,Monday,R109,1264
16:45,Monday,R110,1202
16:45,Monday,R111,857
16:45,Monday,R112,1376
17:00,Monday,R101,1823
17:00,Monday,R102,1378
17:00,Monday,R103,1851
17:00,Monday,R104,1222
17:00,Monday,R105,1034
17:00,Monday,R106,843
17:00,Monday,R107,860
17:00,Monday,R108,742
17:00,Monday,R109,1231
17:00,Monday,R110,1340
17:00,Monday,R111,926
17:00,Monday,R112,1522
17:15,Monday,R101,1827
17:15,Monday,R102,1353
17:15,Monday,R103,1793
17:15,Monday,R104,1157
17:15,Monday,R105,1045
17:15,Monday,R106,791
17:15,Monday,R107,805
17:15,Monday,R108,789
17:15,Monday,R109,1391
17:15,Monday,R110,1241
17:15,Monday,R111,934
17:15,Monday,R112,1597
17:30,Monday,R101,1879
17:30,Monday,R102,1428
17:30,Monday,R103,1832
17:30,Monday,R104,1242
17:30,Monday,R105,1114
17:30,Monday,R106,847
17:30,Monday,R107,826
17:30,Monday,R108,877
17:30,Monday,R109,1277
17:30,Monday,R110,1282
17:30,Monday,R111,879
17:30,Monday,R112,1590
17:45,Monday,R101,1809
17:45,Monday,R102,1444
17:45,Monday,R103,2030
17:45,Monday,R104,1176
17:45,Monday,R105,1053
17:45,Monday,R106,837
17:45,Monday,R107,786
17:45,Monday,R108,803
17:45,Monday,R109,1312
17:45,Monday,R110,1210
17:45,Monday,R111,956
17:45,Monday,R112,1743
18:00,Monday,R101,1752
18:00,Monday,R102,1302
18:00,Monday,R103,1868
18:00,Monday,R104,1184
18:00,Monday,R105,1090
18:00,Monday,R106,864
18:00,Monday,R107,773
18:00,Monday,R108,727
18:00,Monday,R109,1178
18:00,Monday,R110,1216
18:00,Monday,R111,863
18:00,Monday,R112,1685
18:15,Monday,R101,1666
18:15,Monday,R102,1266
18:15,Monday,R103,1742
18:15,Monday,R104,1161
18:15,Monday,R105,1117
18:15,Monday,R106,732
18:15,Monday,R107,721
18:15,Monday,R108,747
18:15,Monday,R109,1223
18:15,Monday,R110,1290
18:15,Monday,R111,840
18:15,Monday,R112,1451
18:30,Monday,R101,1623
18:30,Monday,R102,1219
18:30,Monday,R103,1672
18:30,Monday,R104,1042
18:30,Monday,R105,976
18:30,Monday,R106,732
18:30,Monday,R107,725
18:30,Monday,R108,679
18:30,Monday,R109,1089
18:30,Monday,R110,1113
18:30,Monday,R111,800
18:30,Monday,R112,1315
18:45,Monday,R101,1461
18:45,Monday,R102,1034
18:45,Monday,R103,1463
18:45,Monday,R104,975
18:45,Monday,R105,855
18:45,Monday,R106,633
18:45,Monday,R107,582
18:45,Monday,R108,618
18:45,Monday,R109,1021
18:45,Monday,R110,1105
18:45,Monday,R111,680
18:45,Monday,R112,1251
19:00,Monday,R101,1296
19:00,Monday,R102,1004
19:00,Monday,R103,1293
19:00,Monday,R104,828
19:00,Monday,R105,779
19:00,Monday,R106,569
19:00,Monday,R107,540
19:00,Monday,R108,536
19:00,Monday,R109,923
19:00,Monday,R110,859
19:00,Monday,R111,619
19:00,Monday,R112,1068
19:15,Monday,R101,1186
19:15,Monday,R102,765
19:15,Monday,R103,1106
19:15,Monday,R104,725
19:15,Monday,R105,715
19:15,Monday,R106,493
19:15,Monday,R107,469
19:15,Monday,R108,511
19:15,Monday,R109,718
19:15,Monday,R110,714
19:15,Monday,R111,551
19:15,Monday,R112,944
19:30,Monday,R101,930
19:30,Monday,R102,731
19:30,Monday,R103,987
19:30,Monday,R104,596
19:30,Monday,R105,547
19:30,Monday,R106,451
19:30,Monday,R107,433
19:30,Monday,R108,397
19:30,Monday,R109,714
19:30,Monday,R110,656
19:30,Monday,R111,430
19:30,Monday,R112,808
19:45,Monday,R101,834
19:45,Monday,R102,612
19:45,Monday,R103,822
19:45,Monday,R104,528
19:45,Monday,R105,469
19:45,Monday,R106,404
19:45,Monday,R107,354
19:45,Monday,R108,368
19:45,Monday,R109,567
19:45,Monday,R110,606
19:45,Monday,R111,415
19:45,Monday,R112,726
20:00,Monday,R101,734
20:00,Monday,R102,547
20:00,Monday,R103,708
20:00,Monday,R104,454
20:00,Monday,R105,427
20:00,Monday,R106,350
20:00,Monday,R107,285
20:00,Monday,R108,332
20:00,Monday,R109,469
20:00,Monday,R110,474
20:00,Monday,R111,345
20:00,Monday,R112,586
20:15,Monday,R101,631
20:15,Monday,R102,419
20:15,Monday,R103,580
20:15,Monday,R104,319
20:15,Monday,R105,357
20:15,Monday,R106,207
20:15,Monday,R107,217
20:15,Monday,R108,261
20:15,Monday,R109,414
20:15,Monday,R110,449
20:15,Monday,R111,268
20:15,Monday,R112,511
20:30,Monday,R101,522
20:30,Monday,R102,342
20:30,Monday,R103,539
20:30,Monday,R104,331
20:30,Monday,R105,313
20:30,Monday,R106,230
20:30,Monday,R107,224
20:30,Monday,R108,154
20:30,Monday,R109,326
20:30,Monday,R110,362
20:30,Monday,R111,226
20:30,Monday,R112,430
20:45,Monday,R101,498
20:45,Monday,R102,336
20:45,Monday,R103,415
20:45,Monday,R104,277
20:45,Monday,R105,314
20:45,Monday,R106,223
20:45,Monday,R107,190
20:45,Monday,R108,159
20:45,Monday,R109,300
20:45,Monday,R110,341
20:45,Monday,R111,240
20:45,Monday,R112,392
21:00,Monday,R101,427
21:00,Monday,R102,267
21:00,Monday,R103,407
21:00,Monday,R104,232
21:00,Monday,R105,301
21:00,Monday,R106,159
21:00,Monday,R107,208
21:00,Monday,R108,158
21:00,Monday,R109,228
21:00,Monday,R110,283
21:00,Monday,R111,184
21:00,Monday,R112,341
21:15,Monday,R101,374
21:15,Monday,R102,237
21:15,Monday,R103,332
21:15,Monday,R104,254
21:15,Monday,R105,269
21:15,Monday,R106,170
21:15,Monday,R107,149
21:15,Monday,R108,139
21:15,Monday,R109,232
21:15,Monday,R110,243
21:15,Monday,R111,167
21:15,Monday,R112,254
21:30,Monday,R101,343
21:30,Monday,R102,246
21:30,Monday,R103,290
21:30,Monday,R104,221
21:30,Monday,R105,179
21:30,Monday,R106,110
21:30,Monday,R107,141
21:30,Monday,R108,150
21:30,Monday,R109,238
21:30,Monday,R110,237
21:30,Monday,R111,187
21:30,Monday,R112,270
21:45,Monday,R101,308
21:45,Monday,R102,237
21:45,Monday,R103,298
21:45,Monday,R104,129
21:45,Monday,R105,235
21:45,Monday,R106,172
21:45,Monday,R107,111
21:45,Monday,R108,125
21:45,Monday,R109,193
21:45,Monday,R110,241
21:45,Monday,R111,136
21:45,Monday,R112,236
22:00,Monday,R101,298
22:00,Monday,R102,234
22:00,Monday,R103,281
22:00,Monday,R104,150
22:00,Monday,R105,209
22:00,Monday,R106,80
22:00,Monday,R107,149
22:00,Monday,R108,80
22:00,Monday,R109,162
22:00,Monday,R110,197
22:00,Monday,R111,111
22:00,Monday,R112,270
22:15,Monday,R101,278
22:15,Monday,R102,207
22:15,Monday,R103,256
22:15,Monday,R104,165
22:15,Monday,R105,186
22:15,Monday,R106,95
22:15,Monday,R107,141
22:15,Monday,R108,93
22:15,Monday,R109,126
22:15,Monday,R110,208
22:15,Monday,R111,177
22:15,Monday,R112,254
22:30,Monday,R101,275
22:30,Monday,R102,185
22:30,Monday,R103,243
22:30,Monday,R104,201
22:30,Monday,R105,191
22:30,Monday,R106,136
22:30,Monday,R107,140
22:30,Monday,R108,109
22:30,Monday,R109,154
22:30,Monday,R110,210
22:30,Monday,R111,134
22:30,Monday,R112,227
22:45,Monday,R101,298
22:45,Monday,R102,192
22:45,Monday,R103,266
22:45,Monday,R104,144
22:45,Monday,R105,181
22:45,Monday,R106,80
22:45,Monday,R107,135
22:45,Monday,R108,110
22:45,Monday,R109,183
22:45,Monday,R110,140
22:45,Monday,R111,187
22:45,Monday,R112,221
23:00,Monday,R101,306
23:00,Monday,R102,163
23:00,Monday,R103,260
23:00,Monday,R104,119
23:00,Monday,R105,162
23:00,Monday,R106,170
23:00,Monday,R107,107
23:00,Monday,R108,106
23:00,Monday,R109,178
23:00,Monday,R110,223
23:00,Monday,R111,137
23:00,Monday,R112,232
23:15,Monday,R101,337
23:15,Monday,R102,187
23:15,Monday,R103,249
23:15,Monday,R104,170
23:15,Monday,R105,205
23:15,Monday,R106,151
23:15,Monday,R107,127
23:15,Monday,R108,80
23:15,Monday,R109,196
23:15,Monday,R110,181
23:15,Monday,R111,140
23:15,Monday,R112,203
23:30,Monday,R101,274
23:30,Monday,R102,196
23:30,Monday,R103,251
23:30,Monday,R104,154
23:30,Monday,R105,217
23:30,Monday,R106,133
23:30,Monday,R107,104
23:30,Monday,R108,123
23:30,Monday,R109,184
23:30,Monday,R110,179
23:30,Monday,R111,147
23:30,Monday,R112,238
23:45,Monday,R101,268
23:45,Monday,R102,222
23:45,Monday,R103,239
23:45,Monday,R104,146
23:45,Monday,R105,172
23:45,Monday,R106,122
23:45,Monday,R107,83
23:45,Monday,R108,80
23:45,Monday,R109,194
23:45,Monday,R110,188
23:45,Monday,R111,107
23:45,Monday,R112,167
00:00,Tuesday,R101,267
00:00,Tuesday,R102,160
00:00,Tuesday,R103,290
00:00,Tuesday,R104,173
00:00,Tuesday,R105,164
00:00,Tuesday,R106,181
00:00,Tuesday,R107,138
00:00,Tuesday,R108,94
00:00,Tuesday,R109,96
00:00,Tuesday,R110,273
00:00,Tuesday,R111,101
00:00,Tuesday,R112,185
00:15,Tuesday,R101,309
00:15,Tuesday,R102,254
00:15,Tuesday,R103,284
00:15,Tuesday,R104,161
00:15,Tuesday,R105,196
00:15,Tuesday,R106,146
00:15,Tuesday,R107,132
00:15,Tuesday,R108,109
00:15,Tuesday,R109,161
00:15,Tuesday,R110,214
00:15,Tuesday,R111,117
00:15,Tuesday,R112,220
00:30,Tuesday,R101,241
00:30,Tuesday,R102,190
00:30,Tuesday,R103,225
00:30,Tuesday,R104,120
00:30,Tuesday,R105,186
00:30,Tuesday,R106,159
00:30,Tuesday,R107,136
00:30,Tuesday,R108,80
00:30,Tuesday,R109,134
00:30,Tuesday,R110,239
00:30,Tuesday,R111,111
00:30,Tuesday,R112,221
00:45,Tuesday,R101,297
00:45,Tuesday,R102,168
00:45,Tuesday,R103,252
00:45,Tuesday,R104,114
00:45,Tuesday,R105,166
00:45,Tuesday,R106,133
00:45,Tuesday,R107,80
00:45,Tuesday,R108,113
00:45,Tuesday,R109,158
00:45,Tuesday,R110,229
00:45,Tuesday,R111,142
00:45,Tuesday,R112,261
01:00,Tuesday,R101,286
01:00,Tuesday,R102,182
01:00,Tuesday,R103,252
01:00,Tuesday,R104,161
01:00,Tuesday,R105,183
01:00,Tuesday,R106,126
01:00,Tuesday,R107,96
01:00,Tuesday,R108,85
01:00,Tuesday,R109,124
01:00,Tuesday,R110,259
01:00,Tuesday,R111,105
01:00,Tuesday,R112,209
01:15,Tuesday,R101,265
01:15,Tuesday,R102,215
01:15,Tuesday,R103,242
01:15,Tuesday,R104,178
01:15,Tuesday,R105,164
01:15,Tuesday,R106,132
01:15,Tuesday,R107,92
01:15,Tuesday,R108,156
01:15,Tuesday,R109,129
01:15,Tuesday,R110,223
01:15,Tuesday,R111,152
01:15,Tuesday,R112,237
01:30,Tuesday,R101,279
01:30,Tuesday,R102,189
01:30,Tuesday,R103,250
01:30,Tuesday,R104,144
01:30,Tuesday,R105,205
01:30,Tuesday,R106,180
01:30,Tuesday,R107,99
01:30,Tuesday,R108,80
01:30,Tuesday,R109,156
01:30,Tuesday,R110,280
01:30,Tuesday,R111,116
01:30,Tuesday,R112,268
01:45,Tuesday,R101,325
01:45,Tuesday,R102,179
01:45,Tuesday,R103,263
01:45,Tuesday,R104,188
01:45,Tuesday,R105,172
01:45,Tuesday,R106,120
01:45,Tuesday,R107,99
01:45,Tuesday,R108,80
01:45,Tuesday,R109,142
01:45,Tuesday,R110,185
01:45,Tuesday,R111,137
01:45,Tuesday,R112,207
02:00,Tuesday,R101,289
02:00,Tuesday,R102,154
02:00,Tuesday,R103,258
02:00,Tuesday,R104,168
02:00,Tuesday,R105,131
02:00,Tuesday,R106,134
02:00,Tuesday,R107,144
02:00,Tuesday,R108,80
02:00,Tuesday,R109,200
02:00,Tuesday,R110,226
02:00,Tuesday,R111,118
02:00,Tuesday,R112,225
02:15,Tuesday,R101,297
02:15,Tuesday,R102,195
02:15,Tuesday,R103,263
02:15,Tuesday,R104,124
02:15,Tuesday,R105,186
02:15,Tuesday,R106,89
02:15,Tuesday,R107,111
02:15,Tuesday,R108,80
02:15,Tuesday,R109,140
02:15,Tuesday,R110,246
02:15,Tuesday,R111,163
02:15,Tuesday,R112,242
02:30,Tuesday,R101,256
02:30,Tuesday,R102,185
02:30,Tuesday,R103,280
02:30,Tuesday,R104,151
02:30,Tuesday,R105,239
02:30,Tuesday,R106,134
02:30,Tuesday,R107,118
02:30,Tuesday,R108,94
02:30,Tuesday,R109,162
02:30,Tuesday,R110,211
02:30,Tuesday,R111,154
02:30,Tuesday,R112,251
02:45,Tuesday,R101,264
02:45,Tuesday,R102,159
02:45,Tuesday,R103,203
02:45,Tuesday,R104,160
02:45,Tuesday,R105,154
02:45,Tuesday,R106,80
02:45,Tuesday,R107,123
02:45,Tuesday,R108,164
02:45,Tuesday,R109,158
02:45,Tuesday,R110,236
02:45,Tuesday,R111,138
02:45,Tuesday,R112,224
03:00,Tuesday,R101,306
03:00,Tuesday,R102,185
03:00,Tuesday,R103,256
03:00,Tuesday,R104,155
03:00,Tuesday,R105,165
03:00,Tuesday,R106,149
03:00,Tuesday,R107,109
03:00,Tuesday,R108,83
03:00,Tuesday,R109,172
03:00,Tuesday,R110,193
03:00,Tuesday,R111,137
03:00,Tuesday,R112,226
03:15,Tuesday,R101,310
03:15,Tuesday,R102,204
03:15,Tuesday,R103,249
03:15,Tuesday,R104,168
03:15,Tuesday,R105,216
03:15,Tuesday,R106,139
03:15,Tuesday,R107,114
03:15,Tuesday,R108,80
03:15,Tuesday,R109,132
03:15,Tuesday,R110,208
03:15,Tuesday,R111,121
03:15,Tuesday,R112,222
03:30,Tuesday,R101,285
03:30,Tuesday,R102,206
03:30,Tuesday,R103,248
03:30,Tuesday,R104,159
03:30,Tuesday,R105,183
03:30,Tuesday,R106,80
03:30,Tuesday,R107,90
03:30,Tuesday,R108,98
03:30,Tuesday,R109,128
03:30,Tuesday,R110,230
03:30,Tuesday,R111,174
03:30,Tuesday,R112,257
03:45,Tuesday,R101,278
03:45,Tuesday,R102,230
03:45,Tuesday,R103,253
03:45,Tuesday,R104,139
03:45,Tuesday,R105,166
03:45,Tuesday,R106,117
03:45,Tuesday,R107,104
03:45,Tuesday,R108,106
03:45,Tuesday,R109,163
03:45,Tuesday,R110,215
03:45,Tuesday,R111,147
03:45,Tuesday,R112,256
04:00,Tuesday,R101,307
04:00,Tuesday,R102,156
04:00,Tuesday,R103,185
04:00,Tuesday,R104,171
04:00,Tuesday,R105,147
04:00,Tuesday,R106,119
04:00,Tuesday,R107,84
04:00,Tuesday,R108,80
04:00,Tuesday,R109,172
04:00,Tuesday,R110,234
04:00,Tuesday,R111,122
04:00,Tuesday,R112,162
04:15,Tuesday,R101,270
04:15,Tuesday,R102,203
04:15,Tuesday,R103,212
04:15,Tuesday,R104,152
04:15,Tuesday,R105,181
04:15,Tuesday,R106,139
04:15,Tuesday,R107,116
04:15,Tuesday,R108,80
04:15,Tuesday,R109,189
04:15,Tuesday,R110,211
04:15,Tuesday,R111,135
04:15,Tuesday,R112,203
04:30,Tuesday,R101,273
04:30,Tuesday,R102,171
04:30,Tuesday,R103,245
04:30,Tuesday,R104,190
04:30,Tuesday,R105,147
04:30,Tuesday,R106,84
04:30,Tuesday,R107,150
04:30,Tuesday,R108,97
04:30,Tuesday,R109,142
04:30,Tuesday,R110,242
04:30,Tuesday,R111,121
04:30,Tuesday,R112,273
04:45,Tuesday,R101,301
04:45,Tuesday,R102,181
04:45,Tuesday,R103,304
04:45,Tuesday,R104,133
04:45,Tuesday,R105,200
04:45,Tuesday,R106,132
04:45,Tuesday,R107,146
04:45,Tuesday,R108,141
04:45,Tuesday,R109,160
04:45,Tuesday,R110,197
04:45,Tuesday,R111,148
04:45,Tuesday,R112,210
05:00,Tuesday,R101,335
05:00,Tuesday,R102,197
05:00,Tuesday,R103,242
05:00,Tuesday,R104,153
05:00,Tuesday,R105,148
05:00,Tuesday,R106,101
05:00,Tuesday,R107,144
05:00,Tuesday,R108,86
05:00,Tuesday,R109,134
05:00,Tuesday,R110,230
05:00,Tuesday,R111,166
05:00,Tuesday,R112,246
05:15,Tuesday,R101,311
05:15,Tuesday,R102,176
05:15,Tuesday,R103,217
05:15,Tuesday,R104,187
05:15,Tuesday,R105,175
05:15,Tuesday,R106,120
05:15,Tuesday,R107,148
05:15,Tuesday,R108,117
05:15,Tuesday,R109,172
05:15,Tuesday,R110,271
05:15,Tuesday,R111,121
05:15,Tuesday,R112,252
05:30,Tuesday,R101,290
05:30,Tuesday,R102,203
05:30,Tuesday,R103,293
05:30,Tuesday,R104,164
05:30,Tuesday,R105,198
05:30,Tuesday,R106,154
05:30,Tuesday,R107,107
05:30,Tuesday,R108,83
05:30,Tuesday,R109,137
05:30,Tuesday,R110,170
05:30,Tuesday,R111,190
05:30,Tuesday,R112,204
05:45,Tuesday,R101,288
05:45,Tuesday,R102,193
05:45,Tuesday,R103,268
05:45,Tuesday,R104,174
05:45,Tuesday,R105,209
05:45,Tuesday,R106,115
05:45,Tuesday,R107,114
05:45,Tuesday,R108,113
05:45,Tuesday,R109,160
05:45,Tuesday,R110,262
05:45,Tuesday,R111,153
05:45,Tuesday,R112,254
06:00,Tuesday,R101,318
06:00,Tuesday,R102,235
06:00,Tuesday,R103,273
06:00,Tuesday,R104,127
06:00,Tuesday,R105,202
06:00,Tuesday,R106,116
06:00,Tuesday,R107,108
06:00,Tuesday,R108,124
06:00,Tuesday,R109,202
06:00,Tuesday,R110,228
06:00,Tuesday,R111,152
06:00,Tuesday,R112,285
06:15,Tuesday,R101,320
06:15,Tuesday,R102,280
06:15,Tuesday,R103,295
06:15,Tuesday,R104,124
06:15,Tuesday,R105,218
06:15,Tuesday,R106,148
06:15,Tuesday,R107,159
06:15,Tuesday,R108,132
06:15,Tuesday,R109,177
06:15,Tuesday,R110,206
06:15,Tuesday,R111,145
06:15,Tuesday,R112,232
06:30,Tuesday,R101,319
06:30,Tuesday,R102,245
06:30,Tuesday,R103,344
06:30,Tuesday,R104,191
06:30,Tuesday,R105,180
06:30,Tuesday,R106,158
06:30,Tuesday,R107,165
06:30,Tuesday,R108,108
06:30,Tuesday,R109,191
06:30,Tuesday,R110,250
06:30,Tuesday,R111,140
06:30,Tuesday,R112,287
06:45,Tuesday,R101,360
06:45,Tuesday,R102,262
06:45,Tuesday,R103,311
06:45,Tuesday,R104,190
06:45,Tuesday,R105,245
06:45,Tuesday,R106,150
06:45,Tuesday,R107,191
06:45,Tuesday,R108,126
06:45,Tuesday,R109,222
06:45,Tuesday,R110,293
06:45,Tuesday,R111,139
06:45,Tuesday,R112,252
07:00,Tuesday,R101,367
07:00,Tuesday,R102,315
07:00,Tuesday,R103,364
07:00,Tuesday,R104,293
07:00,Tuesday,R105,238
07:00,Tuesday,R106,183
07:00,Tuesday,R107,205
07:00,Tuesday,R108,205
07:00,Tuesday,R109,298
07:00,Tuesday,R110,329
07:00,Tuesday,R111,220
07:00,Tuesday,R112,349
07:15,Tuesday,R101,484
07:15,Tuesday,R102,314
07:15,Tuesday,R103,419
07:15,Tuesday,R104,269
07:15,Tuesday,R105,282
07:15,Tuesday,R106,193
07:15,Tuesday,R107,210
07:15,Tuesday,R108,204
07:15,Tuesday,R109,292
07:15,Tuesday,R110,377
07:15,Tuesday,R111,194
07:15,Tuesday,R112,381
07:30,Tuesday,R101,525
07:30,Tuesday,R102,340
07:30,Tuesday,R103,520
07:30,Tuesday,R104,318
07:30,Tuesday,R105,369
07:30,Tuesday,R106,255
07:30,Tuesday,R107,202
07:30,Tuesday,R108,260
07:30,Tuesday,R109,377
07:30,Tuesday,R110,408
07:30,Tuesday,R111,255
07:30,Tuesday,R112,430
07:45,Tuesday,R101,632
07:45,Tuesday,R102,488
07:45,Tuesday,R103,680
07:45,Tuesday,R104,427
07:45,Tuesday,R105,377
07:45,Tuesday,R106,255
07:45,Tuesday,R107,275
07:45,Tuesday,R108,212
07:45,Tuesday,R109,426
07:45,Tuesday,R110,459
07:45,Tuesday,R111,297
07:45,Tuesday,R112,502
08:00,Tuesday,R101,782
08:00,Tuesday,R102,538
08:00,Tuesday,R103,715
08:00,Tuesday,R104,398
08:00,Tuesday,R105,459
08:00,Tuesday,R106,381
08:00,Tuesday,R107,366
08:00,Tuesday,R108,297
08:00,Tuesday,R109,491
08:00,Tuesday,R110,558
08:00,Tuesday,R111,342
08:00,Tuesday,R112,658
08:15,Tuesday,R101,937
08:15,Tuesday,R102,693
08:15,Tuesday,R103,899
08:15,Tuesday,R104,560
08:15,Tuesday,R105,519
08:15,Tuesday,R106,378
08:15,Tuesday,R107,381
08:15,Tuesday,R108,379
08:15,Tuesday,R109,633
08:15,Tuesday,R110,620
08:15,Tuesday,R111,472
08:15,Tuesday,R112,763
08:30,Tuesday,R101,1060
08:30,Tuesday,R102,747
08:30,Tuesday,R103,950
08:30,Tuesday,R104,696
08:30,Tuesday,R105,652
08:30,Tuesday,R106,460
08:30,Tuesday,R107,456
08:30,Tuesday,R108,449
08:30,Tuesday,R109,670
08:30,Tuesday,R110,732
08:30,Tuesday,R111,529
08:30,Tuesday,R112,858
08:45,Tuesday,R101,1239
08:45,Tuesday,R102,839
08:45,Tuesday,R103,1262
08:45,Tuesday,R104,776
08:45,Tuesday,R105,672
08:45,Tuesday,R106,567
08:45,Tuesday,R107,507
08:45,Tuesday,R108,485
08:45,Tuesday,R109,845
08:45,Tuesday,R110,905
08:45,Tuesday,R111,560
08:45,Tuesday,R112,1054
09:00,Tuesday,R101,1406
09:00,Tuesday,R102,1042
09:00,Tuesday,R103,1411
09:00,Tuesday,R104,868
09:00,Tuesday,R105,785
09:00,Tuesday,R106,609
09:00,Tuesday,R107,566
09:00,Tuesday,R108,498
09:00,Tuesday,R109,969
09:00,Tuesday,R110,1008
09:00,Tuesday,R111,592
09:00,Tuesday,R112,1134
09:15,Tuesday,R101,1562
09:15,Tuesday,R102,1218
09:15,Tuesday,R103,1548
09:15,Tuesday,R104,944
09:15,Tuesday,R105,889
09:15,Tuesday,R106,710
09:15,Tuesday,R107,636
09:15,Tuesday,R108,610
09:15,Tuesday,R109,1028
09:15,Tuesday,R110,1019
09:15,Tuesday,R111,733
09:15,Tuesday,R112,1407
09:30,Tuesday,R101,1654
09:30,Tuesday,R102,1183
09:30,Tuesday,R103,1641
09:30,Tuesday,R104,976
09:30,Tuesday,R105,998
09:30,Tuesday,R106,715
09:30,Tuesday,R107,698
09:30,Tuesday,R108,778
09:30,Tuesday,R109,1146
09:30,Tuesday,R110,1102
09:30,Tuesday,R111,768
09:30,Tuesday,R112,1481
09:45,Tuesday,R101,1710
09:45,Tuesday,R102,1169
09:45,Tuesday,R103,1810
09:45,Tuesday,R104,1065
09:45,Tuesday,R105,1086
09:45,Tuesday,R106,785
09:45,Tuesday,R107,720
09:45,Tuesday,R108,752
09:45,Tuesday,R109,1186
09:45,Tuesday,R110,1235
09:45,Tuesday,R111,834
09:45,Tuesday,R112,1414
10:00,Tuesday,R101,1676
10:00,Tuesday,R102,1327
10:00,Tuesday,R103,1737
10:00,Tuesday,R104,1094
10:00,Tuesday,R105,972
10:00,Tuesday,R106,774
10:00,Tuesday,R107,815
10:00,Tuesday,R108,687
10:00,Tuesday,R109,1201
10:00,Tuesday,R110,1283
10:00,Tuesday,R111,825
10:00,Tuesday,R112,1522
10:15,Tuesday,R101,1620
10:15,Tuesday,R102,1274
10:15,Tuesday,R103,1723
10:15,Tuesday,R104,1147
10:15,Tuesday,R105,1055
10:15,Tuesday,R106,836
10:15,Tuesday,R107,754
10:15,Tuesday,R108,721
10:15,Tuesday,R109,1193
10:15,Tuesday,R110,1170
10:15,Tuesday,R111,829
10:15,Tuesday,R112,1451
10:30,Tuesday,R101,1643
10:30,Tuesday,R102,1268
10:30,Tuesday,R103,1588
10:30,Tuesday,R104,1104
10:30,Tuesday,R105,1017
10:30,Tuesday,R106,714
10:30,Tuesday,R107,637
10:30,Tuesday,R108,662
10:30,Tuesday,R109,1197
10:30,Tuesday,R110,1139
10:30,Tuesday,R111,747
10:30,Tuesday,R112,1376
10:45,Tuesday,R101,1577
10:45,Tuesday,R102,1142
10:45,Tuesday,R103,1530
10:45,Tuesday,R104,960
10:45,Tuesday,R105,881
10:45,Tuesday,R106,641
10:45,Tuesday,R107,703
10:45,Tuesday,R108,624
10:45,Tuesday,R109,1109
10:45,Tuesday,R110,1137
10:45,Tuesday,R111,762
10:45,Tuesday,R112,1286
11:00,Tuesday,R101,1405
11:00,Tuesday,R102,1009
11:00,Tuesday,R103,1344
11:00,Tuesday,R104,895
11:00,Tuesday,R105,772
11:00,Tuesday,R106,640
11:00,Tuesday,R107,582
11:00,Tuesday,R108,578
11:00,Tuesday,R109,963
11:00,Tuesday,R110,957
11:00,Tuesday,R111,680
11:00,Tuesday,R112,1163
11:15,Tuesday,R101,1271
11:15,Tuesday,R102,839
11:15,Tuesday,R103,1243
11:15,Tuesday,R104,845
11:15,Tuesday,R105,692
11:15,Tuesday,R106,521
11:15,Tuesday,R107,538
11:15,Tuesday,R108,510
11:15,Tuesday,R109,851
11:15,Tuesday,R110,880
11:15,Tuesday,R111,604
11:15,Tuesday,R112,1104
11:30,Tuesday,R101,1082
11:30,Tuesday,R102,765
11:30,Tuesday,R103,1099
11:30,Tuesday,R104,727
11:30,Tuesday,R105,628
11:30,Tuesday,R106,443
11:30,Tuesday,R107,483
11:30,Tuesday,R108,434
11:30,Tuesday,R109,651
11:30,Tuesday,R110,779
11:30,Tuesday,R111,497
11:30,Tuesday,R112,906
11:45,Tuesday,R101,921
11:45,Tuesday,R102,664
11:45,Tuesday,R103,934
11:45,Tuesday,R104,555
11:45,Tuesday,R105,555
11:45,Tuesday,R106,393
11:45,Tuesday,R107,406
11:45,Tuesday,R108,385
11:45,Tuesday,R109,584
11:45,Tuesday,R110,676
11:45,Tuesday,R111,422
11:45,Tuesday,R112,802
12:00,Tuesday,R101,780
12:00,Tuesday,R102,600
12:00,Tuesday,R103,750
12:00,Tuesday,R104,463
12:00,Tuesday,R105,461
12:00,Tuesday,R106,330
12:00,Tuesday,R107,346
12:00,Tuesday,R108,270
12:00,Tuesday,R109,482
12:00,Tuesday,R110,521
12:00,Tuesday,R111,392
12:00,Tuesday,R112,702
12:15,Tuesday,R101,645
12:15,Tuesday,R102,461
12:15,Tuesday,R103,634
12:15,Tuesday,R104,421
12:15,Tuesday,R105,369
12:15,Tuesday,R106,291
12:15,Tuesday,R107,298
12:15,Tuesday,R108,271
12:15,Tuesday,R109,427
12:15,Tuesday,R110,491
12:15,Tuesday,R111,244
12:15,Tuesday,R112,564
12:30,Tuesday,R101,536
12:30,Tuesday,R102,347
12:30,Tuesday,R103,544
12:30,Tuesday,R104,362
12:30,Tuesday,R105,333
12:30,Tuesday,R106,267
12:30,Tuesday,R107,271
12:30,Tuesday,R108,250
12:30,Tuesday,R109,394
12:30,Tuesday,R110,418
12:30,Tuesday,R111,267
12:30,Tuesday,R112,422
12:45,Tuesday,R101,473
12:45,Tuesday,R102,318
12:45,Tuesday,R103,510
12:45,Tuesday,R104,274
12:45,Tuesday,R105,298
12:45,Tuesday,R106,225
12:45,Tuesday,R107,200
12:45,Tuesday,R108,229
12:45,Tuesday,R109,285
12:45,Tuesday,R110,355
12:45,Tuesday,R111,212
12:45,Tuesday,R112,366
13:00,Tuesday,R101,415
13:00,Tuesday,R102,301
13:00,Tuesday,R103,392
13:00,Tuesday,R104,228
13:00,Tuesday,R105,231
13:00,Tuesday,R106,187
13:00,Tuesday,R107,140
13:00,Tuesday,R108,184
13:00,Tuesday,R109,267
13:00,Tuesday,R110,280
13:00,Tuesday,R111,199
13:00,Tuesday,R112,336
13:15,Tuesday,R101,409
13:15,Tuesday,R102,314
13:15,Tuesday,R103,326
13:15,Tuesday,R104,229
13:15,Tuesday,R105,246
13:15,Tuesday,R106,193
13:15,Tuesday,R107,170
13:15,Tuesday,R108,134
13:15,Tuesday,R109,236
13:15,Tuesday,R110,277
13:15,Tuesday,R111,220
13:15,Tuesday,R112,331
13:30,Tuesday,R101,440
13:30,Tuesday,R102,273
13:30,Tuesday,R103,346
13:30,Tuesday,R104,183
13:30,Tuesday,R105,199
13:30,Tuesday,R106,133
13:30,Tuesday,R107,168
13:30,Tuesday,R108,162
13:30,Tuesday,R109,198
13:30,Tuesday,R110,313
13:30,Tuesday,R111,176
13:30,Tuesday,R112,326
13:45,Tuesday,R101,443
13:45,Tuesday,R102,304
13:45,Tuesday,R103,368
13:45,Tuesday,R104,205
13:45,Tuesday,R105,196
13:45,Tuesday,R106,159
13:45,Tuesday,R107,160
13:45,Tuesday,R108,128
13:45,Tuesday,R109,241
13:45,Tuesday,R110,299
13:45,Tuesday,R111,188
13:45,Tuesday,R112,315
14:00,Tuesday,R101,435
14:00,Tuesday,R102,313
14:00,Tuesday,R103,377
14:00,Tuesday,R104,281
14:00,Tuesday,R105,264
14:00,Tuesday,R106,190
14:00,Tuesday,R107,196
14:00,Tuesday,R108,171
14:00,Tuesday,R109,289
14:00,Tuesday,R110,324
14:00,Tuesday,R111,191
14:00,Tuesday,R112,365
14:15,Tuesday,R101,449
14:15,Tuesday,R102,340
14:15,Tuesday,R103,452
14:15,Tuesday,R104,272
14:15,Tuesday,R105,290
14:15,Tuesday,R106,163
14:15,Tuesday,R107,185
14:15,Tuesday,R108,188
14:15,Tuesday,R109,303
14:15,Tuesday,R110,323
14:15,Tuesday,R111,261
14:15,Tuesday,R112,375
14:30,Tuesday,R101,568
14:30,Tuesday,R102,397
14:30,Tuesday,R103,506
14:30,Tuesday,R104,366
14:30,Tuesday,R105,302
14:30,Tuesday,R106,262
14:30,Tuesday,R107,252
14:30,Tuesday,R108,197
14:30,Tuesday,R109,381
14:30,Tuesday,R110,388
14:30,Tuesday,R111,268
14:30,Tuesday,R112,461
14:45,Tuesday,R101,626
14:45,Tuesday,R102,471
14:45,Tuesday,R103,635
14:45,Tuesday,R104,336
14:45,Tuesday,R105,414
14:45,Tuesday,R106,235
14:45,Tuesday,R107,291
14:45,Tuesday,R108,279
14:45,Tuesday,R109,381
14:45,Tuesday,R110,443
14:45,Tuesday,R111,275
14:45,Tuesday,R112,525
15:00,Tuesday,R101,726
15:00,Tuesday,R102,550
15:00,Tuesday,R103,767
15:00,Tuesday,R104,486
15:00,Tuesday,R105,429
15:00,Tuesday,R106,319
15:00,Tuesday,R107,270
15:00,Tuesday,R108,276
15:00,Tuesday,R109,509
15:00,Tuesday,R110,566
15:00,Tuesday,R111,322
15:00,Tuesday,R112,607
15:15,Tuesday,R101,861
15:15,Tuesday,R102,632
15:15,Tuesday,R103,825
15:15,Tuesday,R104,546
15:15,Tuesday,R105,504
15:15,Tuesday,R106,379
15:15,Tuesday,R107,381
15:15,Tuesday,R108,350
15:15,Tuesday,R109,565
15:15,Tuesday,R110,609
15:15,Tuesday,R111,411
15:15,Tuesday,R112,722
15:30,Tuesday,R101,992
15:30,Tuesday,R102,783
15:30,Tuesday,R103,1031
15:30,Tuesday,R104,622
15:30,Tuesday,R105,617
15:30,Tuesday,R106,433
15:30,Tuesday,R107,459
15:30,Tuesday,R108,421
15:30,Tuesday,R109,676
15:30,Tuesday,R110,725
15:30,Tuesday,R111,443
15:30,Tuesday,R112,815
15:45,Tuesday,R101,1097
15:45,Tuesday,R102,851
15:45,Tuesday,R103,1260
15:45,Tuesday,R104,808
15:45,Tuesday,R105,708
15:45,Tuesday,R106,523
15:45,Tuesday,R107,452
15:45,Tuesday,R108,464
15:45,Tuesday,R109,763
15:45,Tuesday,R110,794
15:45,Tuesday,R111,552
15:45,Tuesday,R112,974
16:00,Tuesday,R101,1203
16:00,Tuesday,R102,998
16:00,Tuesday,R103,1273
16:00,Tuesday,R104,852
16:00,Tuesday,R105,854
16:00,Tuesday,R106,557
16:00,Tuesday,R107,503
16:00,Tuesday,R108,540
16:00,Tuesday,R109,952
16:00,Tuesday,R110,1009
16:00,Tuesday,R111,599
16:00,Tuesday,R112,1162
16:15,Tuesday,R101,1449
16:15,Tuesday,R102,1080
16:15,Tuesday,R103,1684
16:15,Tuesday,R104,885
16:15,Tuesday,R105,883
16:15,Tuesday,R106,665
16:15,Tuesday,R107,669
16:15,Tuesday,R108,618
16:15,Tuesday,R109,1037
16:15,Tuesday,R110,1019
16:15,Tuesday,R111,719
16:15,Tuesday,R112,1256
16:30,Tuesday,R101,1674
16:30,Tuesday,R102,1176
16:30,Tuesday,R103,1689
16:30,Tuesday,R104,1048
16:30,Tuesday,R105,1008
16:30,Tuesday,R106,715
16:30,Tuesday,R107,647
16:30,Tuesday,R108,718
16:30,Tuesday,R109,1084
16:30,Tuesday,R110,1106
16:30,Tuesday,R111,761
16:30,Tuesday,R112,1493
16:45,Tuesday,R101,1588
16:45,Tuesday,R102,1473
16:45,Tuesday,R103,1881
16:45,Tuesday,R104,1146
16:45,Tuesday,R105,1031
16:45,Tuesday,R106,783
16:45,Tuesday,R107,777
16:45,Tuesday,R108,756
16:45,Tuesday,R109,1253
16:45,Tuesday,R110,1232
16:45,Tuesday,R111,836
16:45,Tuesday,R112,1509
17:00,Tuesday,R101,1839
17:00,Tuesday,R102,1435
17:00,Tuesday,R103,1950
17:00,Tuesday,R104,1042
17:00,Tuesday,R105,1123
17:00,Tuesday,R106,824
17:00,Tuesday,R107,802
17:00,Tuesday,R108,764
17:00,Tuesday,R109,1359
17:00,Tuesday,R110,1350
17:00,Tuesday,R111,860
17:00,Tuesday,R112,1635
17:15,Tuesday,R101,1834
17:15,Tuesday,R102,1324
17:15,Tuesday,R103,1910
17:15,Tuesday,R104,1292
17:15,Tuesday,R105,1175
17:15,Tuesday,R106,864
17:15,Tuesday,R107,857
17:15,Tuesday,R108,823
17:15,Tuesday,R109,1300
17:15,Tuesday,R110,1364
17:15,Tuesday,R111,954
17:15,Tuesday,R112,1717
17:30,Tuesday,R101,2043
17:30,Tuesday,R102,1473
17:30,Tuesday,R103,2019
17:30,Tuesday,R104,1318
17:30,Tuesday,R105,1138
17:30,Tuesday,R106,820
17:30,Tuesday,R107,834
17:30,Tuesday,R108,786
17:30,Tuesday,R109,1313
17:30,Tuesday,R110,1344
17:30,Tuesday,R111,898
17:30,Tuesday,R112,1656
17:45,Tuesday,R101,1755
17:45,Tuesday,R102,1425
17:45,Tuesday,R103,1965
17:45,Tuesday,R104,1198
17:45,Tuesday,R105,1160
17:45,Tuesday,R106,880
17:45,Tuesday,R107,770
17:45,Tuesday,R108,776
17:45,Tuesday,R109,1293
17:45,Tuesday,R110,1281
17:45,Tuesday,R111,955
17:45,Tuesday,R112,1646
18:00,Tuesday,R101,1834
18:00,Tuesday,R102,1242
18:00,Tuesday,R103,1954
18:00,Tuesday,R104,1134
18:00,Tuesday,R105,1094
18:00,Tuesday,R106,827
18:00,Tuesday,R107,852
18:00,Tuesday,R108,731
18:00,Tuesday,R109,1118
18:00,Tuesday,R110,1306
18:00,Tuesday,R111,963
18:00,Tuesday,R112,1695
18:15,Tuesday,R101,1773
18:15,Tuesday,R102,1263
18:15,Tuesday,R103,1861
18:15,Tuesday,R104,1085
18:15,Tuesday,R105,1056
18:15,Tuesday,R106,791
18:15,Tuesday,R107,796
18:15,Tuesday,R108,826
18:15,Tuesday,R109,1244
18:15,Tuesday,R110,1199
18:15,Tuesday,R111,842
18:15,Tuesday,R112,1398
18:30,Tuesday,R101,1578
18:30,Tuesday,R102,1173
18:30,Tuesday,R103,1622
18:30,Tuesday,R104,1056
18:30,Tuesday,R105,924
18:30,Tuesday,R106,753
18:30,Tuesday,R107,703
18:30,Tuesday,R108,679
18:30,Tuesday,R109,1113
18:30,Tuesday,R110,1147
18:30,Tuesday,R111,811
18:30,Tuesday,R112,1352
18:45,Tuesday,R101,1436
18:45,Tuesday,R102,1070
18:45,Tuesday,R103,1414
18:45,Tuesday,R104,914
18:45,Tuesday,R105,855
18:45,Tuesday,R106,677
18:45,Tuesday,R107,646
18:45,Tuesday,R108,621
18:45,Tuesday,R109,1062
18:45,Tuesday,R110,1031
18:45,Tuesday,R111,723
18:45,Tuesday,R112,1270
19:00,Tuesday,R101,1336
19:00,Tuesday,R102,940
19:00,Tuesday,R103,1191
19:00,Tuesday,R104,837
19:00,Tuesday,R105,831
19:00,Tuesday,R106,605
19:00,Tuesday,R107,593
19:00,Tuesday,R108,578
19:00,Tuesday,R109,911
19:00,Tuesday,R110,936
19:00,Tuesday,R111,616
19:00,Tuesday,R112,1120
19:15,Tuesday,R101,1191
19:15,Tuesday,R102,891
19:15,Tuesday,R103,1161
19:15,Tuesday,R104,719
19:15,Tuesday,R105,688
19:15,Tuesday,R106,525
19:15,Tuesday,R107,461
19:15,Tuesday,R108,421
19:15,Tuesday,R109,771
19:15,Tuesday,R110,772
19:15,Tuesday,R111,544
19:15,Tuesday,R112,988
19:30,Tuesday,R101,983
19:30,Tuesday,R102,777
19:30,Tuesday,R103,1020
19:30,Tuesday,R104,639
19:30,Tuesday,R105,615
19:30,Tuesday,R106,413
19:30,Tuesday,R107,455
19:30,Tuesday,R108,409
19:30,Tuesday,R109,699
19:30,Tuesday,R110,676
19:30,Tuesday,R111,443
19:30,Tuesday,R112,890
19:45,Tuesday,R101,875
19:45,Tuesday,R102,598
19:45,Tuesday,R103,822
19:45,Tuesday,R104,563
19:45,Tuesday,R105,486
19:45,Tuesday,R106,420
19:45,Tuesday,R107,344
19:45,Tuesday,R108,366
19:45,Tuesday,R109,567
19:45,Tuesday,R110,629
19:45,Tuesday,R111,400
19:45,Tuesday,R112,728
20:00,Tuesday,R101,736
20:00,Tuesday,R102,504
20:00,Tuesday,R103,747
20:00,Tuesday,R104,437
20:00,Tuesday,R105,436
20:00,Tuesday,R106,298
20:00,Tuesday,R107,247
20:00,Tuesday,R108,291
20:00,Tuesday,R109,545
20:00,Tuesday,R110,545
20:00,Tuesday,R111,352
20:00,Tuesday,R112,615
20:15,Tuesday,R101,627
20:15,Tuesday,R102,462
20:15,Tuesday,R103,577
20:15,Tuesday,R104,405
20:15,Tuesday,R105,398
20:15,Tuesday,R106,294
20:15,Tuesday,R107,275
20:15,Tuesday,R108,250
20:15,Tuesday,R109,423
20:15,Tuesday,R110,466
20:15,Tuesday,R111,292
20:15,Tuesday,R112,513
20:30,Tuesday,R101,540
20:30,Tuesday,R102,421
20:30,Tuesday,R103,485
20:30,Tuesday,R104,281
20:30,Tuesday,R105,333
20:30,Tuesday,R106,238
20:30,Tuesday,R107,229
20:30,Tuesday,R108,217
20:30,Tuesday,R109,337
20:30,Tuesday,R110,427
20:30,Tuesday,R111,218
20:30,Tuesday,R112,429
20:45,Tuesday,R101,465
20:45,Tuesday,R102,289
20:45,Tuesday,R103,438
20:45,Tuesday,R104,312
20:45,Tuesday,R105,288
20:45,Tuesday,R106,211
20:45,Tuesday,R107,162
20:45,Tuesday,R108,166
20:45,Tuesday,R109,282
20:45,Tuesday,R110,334
20:45,Tuesday,R111,256
20:45,Tuesday,R112,402
21:00,Tuesday,R101,385
21:00,Tuesday,R102,295
21:00,Tuesday,R103,398
21:00,Tuesday,R104,263
21:00,Tuesday,R105,296
21:00,Tuesday,R106,156
21:00,Tuesday,R107,150
21:00,Tuesday,R108,126
21:00,Tuesday,R109,246
21:00,Tuesday,R110,316
21:00,Tuesday,R111,223
21:00,Tuesday,R112,338
21:15,Tuesday,R101,364
21:15,Tuesday,R102,263
21:15,Tuesday,R103,322
21:15,Tuesday,R104,259
21:15,Tuesday,R105,192
21:15,Tuesday,R106,168
21:15,Tuesday,R107,203
21:15,Tuesday,R108,140
21:15,Tuesday,R109,218
21:15,Tuesday,R110,267
21:15,Tuesday,R111,174
21:15,Tuesday,R112,339
21:30,Tuesday,R101,287
21:30,Tuesday,R102,275
21:30,Tuesday,R103,276
21:30,Tuesday,R104,180
21:30,Tuesday,R105,205
21:30,Tuesday,R106,165
21:30,Tuesday,R107,99
21:30,Tuesday,R108,139
21:30,Tuesday,R109,252
21:30,Tuesday,R110,222
21:30,Tuesday,R111,169
21:30,Tuesday,R112,262
21:45,Tuesday,R101,332
21:45,Tuesday,R102,222
21:45,Tuesday,R103,274
21:45,Tuesday,R104,185
21:45,Tuesday,R105,249
21:45,Tuesday,R106,137
21:45,Tuesday,R107,148
21:45,Tuesday,R108,86
21:45,Tuesday,R109,163
21:45,Tuesday,R110,254
21:45,Tuesday,R111,192
21:45,Tuesday,R112,269
22:00,Tuesday,R101,300
22:00,Tuesday,R102,211
22:00,Tuesday,R103,244
22:00,Tuesday,R104,179
22:00,Tuesday,R105,217
22:00,Tuesday,R106,124
22:00,Tuesday,R107,112
22:00,Tuesday,R108,119
22:00,Tuesday,R109,165
22:00,Tuesday,R110,230
22:00,Tuesday,R111,200
22:00,Tuesday,R112,242
22:15,Tuesday,R101,289
22:15,Tuesday,R102,188
22:15,Tuesday,R103,284
22:15,Tuesday,R104,153
22:15,Tuesday,R105,174
22:15,Tuesday,R106,164
22:15,Tuesday,R107,155
22:15,Tuesday,R108,93
22:15,Tuesday,R109,123
22:15,Tuesday,R110,251
22:15,Tuesday,R111,126
22:15,Tuesday,R112,260
22:30,Tuesday,R101,243
22:30,Tuesday,R102,222
22:30,Tuesday,R103,229
22:30,Tuesday,R104,172
22:30,Tuesday,R105,187
22:30,Tuesday,R106,105
22:30,Tuesday,R107,107
22:30,Tuesday,R108,123
22:30,Tuesday,R109,168
22:30,Tuesday,R110,236
22:30,Tuesday,R111,190
22:30,Tuesday,R112,195
22:45,Tuesday,R101,329
22:45,Tuesday,R102,199
22:45,Tuesday,R103,232
22:45,Tuesday,R104,118
22:45,Tuesday,R105,180
22:45,Tuesday,R106,150
22:45,Tuesday,R107,112
22:45,Tuesday,R108,142
22:45,Tuesday,R109,126
22:45,Tuesday,R110,219
22:45,Tuesday,R111,107
22:45,Tuesday,R112,240
23:00,Tuesday,R101,308
23:00,Tuesday,R102,184
23:00,Tuesday,R103,187
23:00,Tuesday,R104,154
23:00,Tuesday,R105,194
23:00,Tuesday,R106,136
23:00,Tuesday,R107,146
23:00,Tuesday,R108,80
23:00,Tuesday,R109,178
23:00,Tuesday,R110,247
23:00,Tuesday,R111,93
23:00,Tuesday,R112,237
23:15,Tuesday,R101,272
23:15,Tuesday,R102,192
23:15,Tuesday,R103,260
23:15,Tuesday,R104,136
23:15,Tuesday,R105,165
23:15,Tuesday,R106,126
23:15,Tuesday,R107,87
23:15,Tuesday,R108,80
23:15,Tuesday,R109,177
23:15,Tuesday,R110,188
23:15,Tuesday,R111,153
23:15,Tuesday,R112,240
23:30,Tuesday,R101,241
23:30,Tuesday,R102,176
23:30,Tuesday,R103,280
23:30,Tuesday,R104,123
23:30,Tuesday,R105,170
23:30,Tuesday,R106,137
23:30,Tuesday,R107,133
23:30,Tuesday,R108,96
23:30,Tuesday,R109,144
23:30,Tuesday,R110,251
23:30,Tuesday,R111,180
23:30,Tuesday,R112,252
23:45,Tuesday,R101,286
23:45,Tuesday,R102,173
23:45,Tuesday,R103,229
23:45,Tuesday,R104,161
23:45,Tuesday,R105,192
23:45,Tuesday,R106,160
23:45,Tuesday,R107,130
23:45,Tuesday,R108,80
23:45,Tuesday,R109,185
23:45,Tuesday,R110,191
23:45,Tuesday,R111,127
23:45,Tuesday,R112,233
00:00,Wednesday,R101,339
00:00,Wednesday,R102,274
00:00,Wednesday,R103,269
00:00,Wednesday,R104,146
00:00,Wednesday,R105,198
00:00,Wednesday,R106,149
00:00,Wednesday,R107,107
00:00,Wednesday,R108,149
00:00,Wednesday,R109,167
00:00,Wednesday,R110,232
00:00,Wednesday,R111,155
00:00,Wednesday,R112,242
00:15,Wednesday,R101,310
00:15,Wednesday,R102,181
00:15,Wednesday,R103,240
00:15,Wednesday,R104,123
00:15,Wednesday,R105,196
00:15,Wednesday,R106,147
00:15,Wednesday,R107,127
00:15,Wednesday,R108,146
00:15,Wednesday,R109,162
00:15,Wednesday,R110,236
00:15,Wednesday,R111,111
00:15,Wednesday,R112,221
00:30,Wednesday,R101,306
00:30,Wednesday,R102,218
00:30,Wednesday,R103,247
00:30,Wednesday,R104,148
00:30,Wednesday,R105,147
00:30,Wednesday,R106,118
00:30,Wednesday,R107,138
00:30,Wednesday,R108,118
00:30,Wednesday,R109,174
00:30,Wednesday,R110,221
00:30,Wednesday,R111,139
00:30,Wednesday,R112,214
00:45,Wednesday,R101,306
00:45,Wednesday,R102,207
00:45,Wednesday,R103,266
00:45,Wednesday,R104,137
00:45,Wednesday,R105,131
00:45,Wednesday,R106,154
00:45,Wednesday,R107,104
00:45,Wednesday,R108,82
00:45,Wednesday,R109,179
00:45,Wednesday,R110,210
00:45,Wednesday,R111,165
00:45,Wednesday,R112,246
01:00,Wednesday,R101,306
01:00,Wednesday,R102,162
01:00,Wednesday,R103,284
01:00,Wednesday,R104,157
01:00,Wednesday,R105,176
01:00,Wednesday,R106,131
01:00,Wednesday,R107,80
01:00,Wednesday,R108,114
01:00,Wednesday,R109,136
01:00,Wednesday,R110,186
01:00,Wednesday,R111,101
01:00,Wednesday,R112,259
01:15,Wednesday,R101,273
01:15,Wednesday,R102,235
01:15,Wednesday,R103,241
01:15,Wednesday,R104,107
01:15,Wednesday,R105,157
01:15,Wednesday,R106,158
01:15,Wednesday,R107,112
01:15,Wednesday,R108,90
01:15,Wednesday,R109,166
01:15,Wednesday,R110,232
01:15,Wednesday,R111,167
01:15,Wednesday,R112,267
01:30,Wednesday,R101,280
01:30,Wednesday,R102,163
01:30,Wednesday,R103,244
01:30,Wednesday,R104,157
01:30,Wednesday,R105,161
01:30,Wednesday,R106,103
01:30,Wednesday,R107,124
01:30,Wednesday,R108,103
01:30,Wednesday,R109,163
01:30,Wednesday,R110,200
01:30,Wednesday,R111,133
01:30,Wednesday,R112,208
01:45,Wednesday,R101,311
01:45,Wednesday,R102,222
01:45,Wednesday,R103,208
01:45,Wednesday,R104,127
01:45,Wednesday,R105,147
01:45,Wednesday,R106,111
01:45,Wednesday,R107,113
01:45,Wednesday,R108,80
01:45,Wednesday,R109,139
01:45,Wednesday,R110,194
01:45,Wednesday,R111,144
01:45,Wednesday,R112,233
02:00,Wednesday,R101,271
02:00,Wednesday,R102,201
02:00,Wednesday,R103,240
02:00,Wednesday,R104,143
02:00,Wednesday,R105,227
02:00,Wednesday,R106,161
02:00,Wednesday,R107,83
02:00,Wednesday,R108,125
02:00,Wednesday,R109,182
02:00,Wednesday,R110,191
02:00,Wednesday,R111,159
02:00,Wednesday,R112,269
02:15,Wednesday,R101,261
02:15,Wednesday,R102,173
02:15,Wednesday,R103,280
02:15,Wednesday,R104,157
02:15,Wednesday,R105,199
02:15,Wednesday,R106,136
02:15,Wednesday,R107,125
02:15,Wednesday,R108,80
02:15,Wednesday,R109,188
02:15,Wednesday,R110,249
02:15,Wednesday,R111,133
02:15,Wednesday,R112,230
02:30,Wednesday,R101,250
02:30,Wednesday,R102,209
02:30,Wednesday,R103,268
02:30,Wednesday,R104,149
02:30,Wednesday,R105,213
02:30,Wednesday,R106,119
02:30,Wednesday,R107,130
02:30,Wednesday,R108,80
02:30,Wednesday,R109,161
02:30,Wednesday,R110,215
02:30,Wednesday,R111,144
02:30,Wednesday,R112,222
02:45,Wednesday,R101,285
02:45,Wednesday,R102,217
02:45,Wednesday,R103,243
02:45,Wednesday,R104,110
02:45,Wednesday,R105,229
02:45,Wednesday,R106,162
02:45,Wednesday,R107,83
02:45,Wednesday,R108,121
02:45,Wednesday,R109,149
02:45,Wednesday,R110,226
02:45,Wednesday,R111,146
02:45,Wednesday,R112,225
03:00,Wednesday,R101,269
03:00,Wednesday,R102,179
03:00,Wednesday,R103,231
03:00,Wednesday,R104,129
03:00,Wednesday,R105,183
03:00,Wednesday,R106,109
03:00,Wednesday,R107,133
03:00,Wednesday,R108,141
03:00,Wednesday,R109,147
03:00,Wednesday,R110,225
03:00,Wednesday,R111,151
03:00,Wednesday,R112,243
03:15,Wednesday,R101,291
03:15,Wednesday,R102,215
03:15,Wednesday,R103,266
03:15,Wednesday,R104,119
03:15,Wednesday,R105,207
03:15,Wednesday,R106,149
03:15,Wednesday,R107,96
03:15,Wednesday,R108,105
03:15,Wednesday,R109,179
03:15,Wednesday,R110,214
03:15,Wednesday,R111,165
03:15,Wednesday,R112,290
03:30,Wednesday,R101,269
03:30,Wednesday,R102,162
03:30,Wednesday,R103,262
03:30,Wednesday,R104,168
03:30,Wednesday,R105,179
03:30,Wednesday,R106,163
03:30,Wednesday,R107,82
03:30,Wednesday,R108,121
03:30,Wednesday,R109,147
03:30,Wednesday,R110,262
03:30,Wednesday,R111,188
03:30,Wednesday,R112,212
03:45,Wednesday,R101,275
03:45,Wednesday,R102,218
03:45,Wednesday,R103,244
03:45,Wednesday,R104,149
03:45,Wednesday,R105,185
03:45,Wednesday,R106,80
03:45,Wednesday,R107,115
03:45,Wednesday,R108,87
03:45,Wednesday,R109,149
03:45,Wednesday,R110,256
03:45,Wednesday,R111,107
03:45,Wednesday,R112,251
04:00,Wednesday,R101,282
04:00,Wednesday,R102,189
04:00,Wednesday,R103,274
04:00,Wednesday,R104,159
04:00,Wednesday,R105,199
04:00,Wednesday,R106,151
04:00,Wednesday,R107,107
04:00,Wednesday,R108,89
04:00,Wednesday,R109,135
04:00,Wednesday,R110,199
04:00,Wednesday,R111,212
04:00,Wednesday,R112,262
04:15,Wednesday,R101,255
04:15,Wednesday,R102,163
04:15,Wednesday,R103,266
04:15,Wednesday,R104,164
04:15,Wednesday,R105,199
04:15,Wednesday,R106,121
04:15,Wednesday,R107,112
04:15,Wednesday,R108,112
04:15,Wednesday,R109,164
04:15,Wednesday,R110,164
04:15,Wednesday,R111,133
04:15,Wednesday,R112,210
04:30,Wednesday,R101,293
04:30,Wednesday,R102,271
04:30,Wednesday,R103,264
04:30,Wednesday,R104,143
04:30,Wednesday,R105,208
04:30,Wednesday,R106,139
04:30,Wednesday,R107,126
04:30,Wednesday,R108,119
04:30,Wednesday,R109,213
04:30,Wednesday,R110,191
04:30,Wednesday,R111,151
04:30,Wednesday,R112,208
04:45,Wednesday,R101,303
04:45,Wednesday,R102,174
04:45,Wednesday,R103,244
04:45,Wednesday,R104,143
04:45,Wednesday,R105,210
04:45,Wednesday,R106,150
04:45,Wednesday,R107,85
04:45,Wednesday,R108,106
04:45,Wednesday,R109,145
04:45,Wednesday,R110,189
04:45,Wednesday,R111,134
04:45,Wednesday,R112,224
05:00,Wednesday,R101,351
05:00,Wednesday,R102,208
05:00,Wednesday,R103,221
05:00,Wednesday,R104,137
05:00,Wednesday,R105,211
05:00,Wednesday,R106,180
05:00,Wednesday,R107,80
05:00,Wednesday,R108,80
05:00,Wednesday,R109,210
05:00,Wednesday,R110,230
05:00,Wednesday,R111,118
05:00,Wednesday,R112,246
05:15,Wednesday,R101,226
05:15,Wednesday,R102,199
05:15,Wednesday,R103,265
05:15,Wednesday,R104,175
05:15,Wednesday,R105,161
05:15,Wednesday,R106,131
05:15,Wednesday,R107,94
05:15,Wednesday,R108,112
05:15,Wednesday,R109,141
05:15,Wednesday,R110,211
05:15,Wednesday,R111,115
05:15,Wednesday,R112,250
05:30,Wednesday,R101,316
05:30,Wednesday,R102,195
05:30,Wednesday,R103,261
05:30,Wednesday,R104,118
05:30,Wednesday,R105,181
05:30,Wednesday,R106,128
05:30,Wednesday,R107,184
05:30,Wednesday,R108,80
05:30,Wednesday,R109,202
05:30,Wednesday,R110,248
05:30,Wednesday,R111,148
05:30,Wednesday,R112,280
05:45,Wednesday,R101,308
05:45,Wednesday,R102,214
05:45,Wednesday,R103,264
05:45,Wednesday,R104,188
05:45,Wednesday,R105,218
05:45,Wednesday,R106,116
05:45,Wednesday,R107,87
05:45,Wednesday,R108,103
05:45,Wednesday,R109,149
05:45,Wednesday,R110,225
05:45,Wednesday,R111,175
05:45,Wednesday,R112,229
06:00,Wednesday,R101,306
06:00,Wednesday,R102,211
06:00,Wednesday,R103,294
06:00,Wednesday,R104,106
06:00,Wednesday,R105,180
06:00,Wednesday,R106,140
06:00,Wednesday,R107,154
06:00,Wednesday,R108,99
06:00,Wednesday,R109,128
06:00,Wednesday,R110,247
06:00,Wednesday,R111,131
06:00,Wednesday,R112,217
06:15,Wednesday,R101,304
06:15,Wednesday,R102,215
06:15,Wednesday,R103,272
06:15,Wednesday,R104,116
06:15,Wednesday,R105,225
06:15,Wednesday,R106,173
06:15,Wednesday,R107,145
06:15,Wednesday,R108,89
06:15,Wednesday,R109,179
06:15,Wednesday,R110,241
06:15,Wednesday,R111,168
06:15,Wednesday,R112,275
06:30,Wednesday,R101,321
06:30,Wednesday,R102,236
06:30,Wednesday,R103,319
06:30,Wednesday,R104,221
06:30,Wednesday,R105,232
06:30,Wednesday,R106,169
06:30,Wednesday,R107,140
06:30,Wednesday,R108,161
06:30,Wednesday,R109,209
06:30,Wednesday,R110,233
06:30,Wednesday,R111,198
06:30,Wednesday,R112,293
06:45,Wednesday,R101,359
06:45,Wednesday,R102,245
06:45,Wednesday,R103,347
06:45,Wednesday,R104,216
06:45,Wednesday,R105,237
06:45,Wednesday,R106,171
06:45,Wednesday,R107,194
06:45,Wednesday,R108,166
06:45,Wednesday,R109,225
06:45,Wednesday,R110,299
06:45,Wednesday,R111,152
06:45,Wednesday,R112,312
07:00,Wednesday,R101,458
07:00,Wednesday,R102,284
07:00,Wednesday,R103,364
07:00,Wednesday,R104,217
07:00,Wednesday,R105,230
07:00,Wednesday,R106,162
07:00,Wednesday,R107,161
07:00,Wednesday,R108,122
07:00,Wednesday,R109,252
07:00,Wednesday,R110,328
07:00,Wednesday,R111,176
07:00,Wednesday,R112,378
07:15,Wednesday,R101,486
07:15,Wednesday,R102,360
07:15,Wednesday,R103,432
07:15,Wednesday,R104,295
07:15,Wednesday,R105,264
07:15,Wednesday,R106,231
07:15,Wednesday,R107,201
07:15,Wednesday,R108,197
07:15,Wednesday,R109,266
07:15,Wednesday,R110,324
07:15,Wednesday,R111,242
07:15,Wednesday,R112,369
07:30,Wednesday,R101,565
07:30,Wednesday,R102,360
07:30,Wednesday,R103,553
07:30,Wednesday,R104,297
07:30,Wednesday,R105,352
07:30,Wednesday,R106,259
07:30,Wednesday,R107,214
07:30,Wednesday,R108,232
07:30,Wednesday,R109,359
07:30,Wednesday,R110,388
07:30,Wednesday,R111,240
07:30,Wednesday,R112,414
07:45,Wednesday,R101,666
07:45,Wednesday,R102,431
07:45,Wednesday,R103,642
07:45,Wednesday,R104,389
07:45,Wednesday,R105,414
07:45,Wednesday,R106,281
07:45,Wednesday,R107,268
07:45,Wednesday,R108,280
07:45,Wednesday,R109,435
07:45,Wednesday,R110,479
07:45,Wednesday,R111,326
07:45,Wednesday,R112,514
08:00,Wednesday,R101,806
08:00,Wednesday,R102,578
08:00,Wednesday,R103,734
08:00,Wednesday,R104,473
08:00,Wednesday,R105,468
08:00,Wednesday,R106,340
08:00,Wednesday,R107,339
08:00,Wednesday,R108,350
08:00,Wednesday,R109,543
08:00,Wednesday,R110,524
08:00,Wednesday,R111,390
08:00,Wednesday,R112,701
08:15,Wednesday,R101,940
08:15,Wednesday,R102,702
08:15,Wednesday,R103,1004
08:15,Wednesday,R104,602
08:15,Wednesday,R105,558
08:15,Wednesday,R106,432
08:15,Wednesday,R107,398
08:15,Wednesday,R108,377
08:15,Wednesday,R109,610
08:15,Wednesday,R110,701
08:15,Wednesday,R111,423
08:15,Wednesday,R112,842
08:30,Wednesday,R101,1106
08:30,Wednesday,R102,738
08:30,Wednesday,R103,1105
08:30,Wednesday,R104,617
08:30,Wednesday,R105,662
08:30,Wednesday,R106,498
08:30,Wednesday,R107,449
08:30,Wednesday,R108,448
08:30,Wednesday,R109,799
08:30,Wednesday,R110,747
08:30,Wednesday,R111,493
08:30,Wednesday,R112,989
08:45,Wednesday,R101,1357
08:45,Wednesday,R102,911
08:45,Wednesday,R103,1317
08:45,Wednesday,R104,840
08:45,Wednesday,R105,714
08:45,Wednesday,R106,536
08:45,Wednesday,R107,566
08:45,Wednesday,R108,557
08:45,Wednesday,R109,875
08:45,Wednesday,R110,843
08:45,Wednesday,R111,652
08:45,Wednesday,R112,1046
09:00,Wednesday,R101,1385
09:00,Wednesday,R102,1046
09:00,Wednesday,R103,1527
09:00,Wednesday,R104,934
09:00,Wednesday,R105,847
09:00,Wednesday,R106,632
09:00,Wednesday,R107,607
09:00,Wednesday,R108,599
09:00,Wednesday,R109,858
09:00,Wednesday,R110,974
09:00,Wednesday,R111,682
09:00,Wednesday,R112,1149
09:15,Wednesday,R101,1576
09:15,Wednesday,R102,1126
09:15,Wednesday,R103,1702
09:15,Wednesday,R104,1065
09:15,Wednesday,R105,895
09:15,Wednesday,R106,677
09:15,Wednesday,R107,666
09:15,Wednesday,R108,632
09:15,Wednesday,R109,1081
09:15,Wednesday,R110,1048
09:15,Wednesday,R111,706
09:15,Wednesday,R112,1374
09:30,Wednesday,R101,1709
09:30,Wednesday,R102,1176
09:30,Wednesday,R103,1764
09:30,Wednesday,R104,1040
09:30,Wednesday,R105,990
09:30,Wednesday,R106,758
09:30,Wednesday,R107,717
09:30,Wednesday,R108,708
09:30,Wednesday,R109,1126
09:30,Wednesday,R110,1152
09:30,Wednesday,R111,790
09:30,Wednesday,R112,1387
09:45,Wednesday,R101,1721
09:45,Wednesday,R102,1185
09:45,Wednesday,R103,1732
09:45,Wednesday,R104,1105
09:45,Wednesday,R105,1009
09:45,Wednesday,R106,755
09:45,Wednesday,R107,747
09:45,Wednesday,R108,740
09:45,Wednesday,R109,1253
09:45,Wednesday,R110,1177
09:45,Wednesday,R111,787
09:45,Wednesday,R112,1429
10:00,Wednesday,R101,1721
10:00,Wednesday,R102,1272
10:00,Wednesday,R103,1735
10:00,Wednesday,R104,1070
10:00,Wednesday,R105,1014
10:00,Wednesday,R106,780
10:00,Wednesday,R107,781
10:00,Wednesday,R108,717
10:00,Wednesday,R109,1201
10:00,Wednesday,R110,1178
10:00,Wednesday,R111,843
10:00,Wednesday,R112,1463
10:15,Wednesday,R101,1779
10:15,Wednesday,R102,1172
10:15,Wednesday,R103,1743
10:15,Wednesday,R104,1134
10:15,Wednesday,R105,1029
10:15,Wednesday,R106,856
10:15,Wednesday,R107,761
10:15,Wednesday,R108,692
10:15,Wednesday,R109,1200
10:15,Wednesday,R110,1115
10:15,Wednesday,R111,830
10:15,Wednesday,R112,1443
10:30,Wednesday,R101,1730
10:30,Wednesday,R102,1190
10:30,Wednesday,R103,1687
10:30,Wednesday,R104,1040
10:30,Wednesday,R105,1056
10:30,Wednesday,R106,721
10:30,Wednesday,R107,777
10:30,Wednesday,R108,719
10:30,Wednesday,R109,1178
10:30,Wednesday,R110,1182
10:30,Wednesday,R111,812
10:30,Wednesday,R112,1311
10:45,Wednesday,R101,1530
10:45,Wednesday,R102,1179
10:45,Wednesday,R103,1574
10:45,Wednesday,R104,932
10:45,Wednesday,R105,912
10:45,Wednesday,R106,734
10:45,Wednesday,R107,706
10:45,Wednesday,R108,643
10:45,Wednesday,R109,1118
10:45,Wednesday,R110,1067
10:45,Wednesday,R111,687
10:45,Wednesday,R112,1281
11:00,Wednesday,R101,1506
11:00,Wednesday,R102,1017
11:00,Wednesday,R103,1412
11:00,Wednesday,R104,888
11:00,Wednesday,R105,903
11:00,Wednesday,R106,664
11:00,Wednesday,R107,666
11:00,Wednesday,R108,580
11:00,Wednesday,R109,982
11:00,Wednesday,R110,920
11:00,Wednesday,R111,720
11:00,Wednesday,R112,1148
11:15,Wednesday,R101,1259
11:15,Wednesday,R102,866
11:15,Wednesday,R103,1227
11:15,Wednesday,R104,763
11:15,Wednesday,R105,719
11:15,Wednesday,R106,535
11:15,Wednesday,R107,522
11:15,Wednesday,R108,536
11:15,Wednesday,R109,811
11:15,Wednesday,R110,886
11:15,Wednesday,R111,631
11:15,Wednesday,R112,1047
11:30,Wednesday,R101,1048
11:30,Wednesday,R102,780
11:30,Wednesday,R103,1145
11:30,Wednesday,R104,689
11:30,Wednesday,R105,629
11:30,Wednesday,R106,489
11:30,Wednesday,R107,436
11:30,Wednesday,R108,462
11:30,Wednesday,R109,749
11:30,Wednesday,R110,754
11:30,Wednesday,R111,499
11:30,Wednesday,R112,891
11:45,Wednesday,R101,948
11:45,Wednesday,R102,708
11:45,Wednesday,R103,896
11:45,Wednesday,R104,589
11:45,Wednesday,R105,501
11:45,Wednesday,R106,392
11:45,Wednesday,R107,394
11:45,Wednesday,R108,355
11:45,Wednesday,R109,595
11:45,Wednesday,R110,637
11:45,Wednesday,R111,451
11:45,Wednesday,R112,783
12:00,Wednesday,R101,704
12:00,Wednesday,R102,511
12:00,Wednesday,R103,751
12:00,Wednesday,R104,493
12:00,Wednesday,R105,402
12:00,Wednesday,R106,332
12:00,Wednesday,R107,319
12:00,Wednesday,R108,351
12:00,Wednesday,R109,509
12:00,Wednesday,R110,568
12:00,Wednesday,R111,379
12:00,Wednesday,R112,601
12:15,Wednesday,R101,684
12:15,Wednesday,R102,479
12:15,Wednesday,R103,659
12:15,Wednesday,R104,498
12:15,Wednesday,R105,348
12:15,Wednesday,R106,334
12:15,Wednesday,R107,272
12:15,Wednesday,R108,271
12:15,Wednesday,R109,429
12:15,Wednesday,R110,464
12:15,Wednesday,R111,303
12:15,Wednesday,R112,566
12:30,Wednesday,R101,524
12:30,Wednesday,R102,419
12:30,Wednesday,R103,531
12:30,Wednesday,R104,306
12:30,Wednesday,R105,332
12:30,Wednesday,R106,279
12:30,Wednesday,R107,222
12:30,Wednesday,R108,231
12:30,Wednesday,R109,341
12:30,Wednesday,R110,427
12:30,Wednesday,R111,287
12:30,Wednesday,R112,518
12:45,Wednesday,R101,484
12:45,Wednesday,R102,362
12:45,Wednesday,R103,467
12:45,Wednesday,R104,317
12:45,Wednesday,R105,283
12:45,Wednesday,R106,234
12:45,Wednesday,R107,198
12:45,Wednesday,R108,188
12:45,Wednesday,R109,308
12:45,Wednesday,R110,363
12:45,Wednesday,R111,232
12:45,Wednesday,R112,412
13:00,Wednesday,R101,478
13:00,Wednesday,R102,332
13:00,Wednesday,R103,433
13:00,Wednesday,R104,239
13:00,Wednesday,R105,249
13:00,Wednesday,R106,217
13:00,Wednesday,R107,203
13:00,Wednesday,R108,205
13:00,Wednesday,R109,255
13:00,Wednesday,R110,316
13:00,Wednesday,R111,169
13:00,Wednesday,R112,352
13:15,Wednesday,R101,434
13:15,Wednesday,R102,274
13:15,Wednesday,R103,397
13:15,Wednesday,R104,226
13:15,Wednesday,R105,263
13:15,Wednesday,R106,151
13:15,Wednesday,R107,170
13:15,Wednesday,R108,81
13:15,Wednesday,R109,244
13:15,Wednesday,R110,261
13:15,Wednesday,R111,227
13:15,Wednesday,R112,356
13:30,Wednesday,R101,412
13:30,Wednesday,R102,317
13:30,Wednesday,R103,347
13:30,Wednesday,R104,269
13:30,Wednesday,R105,273
13:30,Wednesday,R106,170
13:30,Wednesday,R107,193
13:30,Wednesday,R108,124
13:30,Wednesday,R109,222
13:30,Wednesday,R110,281
13:30,Wednesday,R111,179
13:30,Wednesday,R112,302
13:45,Wednesday,R101,441
13:45,Wednesday,R102,280
13:45,Wednesday,R103,390
13:45,Wednesday,R104,217
13:45,Wednesday,R105,210
13:45,Wednesday,R106,187
13:45,Wednesday,R107,121
13:45,Wednesday,R108,154
13:45,Wednesday,R109,215
13:45,Wednesday,R110,353
13:45,Wednesday,R111,220
13:45,Wednesday,R112,340
14:00,Wednesday,R101,471
14:00,Wednesday,R102,287
14:00,Wednesday,R103,425
14:00,Wednesday,R104,256
14:00,Wednesday,R105,278
14:00,Wednesday,R106,225
14:00,Wednesday,R107,200
14:00,Wednesday,R108,176
14:00,Wednesday,R109,229
14:00,Wednesday,R110,299
14:00,Wednesday,R111,208
14:00,Wednesday,R112,365
14:15,Wednesday,R101,458
14:15,Wednesday,R102,404
14:15,Wednesday,R103,500
14:15,Wednesday,R104,298
14:15,Wednesday,R105,301
14:15,Wednesday,R106,209
14:15,Wednesday,R107,178
14:15,Wednesday,R108,191
14:15,Wednesday,R109,311
14:15,Wednesday,R110,324
14:15,Wednesday,R111,242
14:15,Wednesday,R112,401
14:30,Wednesday,R101,506
14:30,Wednesday,R102,373
14:30,Wednesday,R103,522
14:30,Wednesday,R104,375
14:30,Wednesday,R105,352
14:30,Wednesday,R106,210
14:30,Wednesday,R107,244
14:30,Wednesday,R108,179
14:30,Wednesday,R109,380
14:30,Wednesday,R110,390
14:30,Wednesday,R111,264
14:30,Wednesday,R112,497
14:45,Wednesday,R101,605
14:45,Wednesday,R102,425
14:45,Wednesday,R103,608
14:45,Wednesday,R104,413
14:45,Wednesday,R105,351
14:45,Wednesday,R106,212
14:45,Wednesday,R107,259
14:45,Wednesday,R108,269
14:45,Wednesday,R109,447
14:45,Wednesday,R110,450
14:45,Wednesday,R111,298
14:45,Wednesday,R112,569
15:00,Wednesday,R101,687
15:00,Wednesday,R102,531
15:00,Wednesday,R103,745
15:00,Wednesday,R104,471
15:00,Wednesday,R105,439
15:00,Wednesday,R106,331
15:00,Wednesday,R107,256
15:00,Wednesday,R108,286
15:00,Wednesday,R109,506
15:00,Wednesday,R110,512
15:00,Wednesday,R111,362
15:00,Wednesday,R112,648
15:15,Wednesday,R101,865
15:15,Wednesday,R102,641
15:15,Wednesday,R103,835
15:15,Wednesday,R104,540
15:15,Wednesday,R105,541
15:15,Wednesday,R106,390
15:15,Wednesday,R107,359
15:15,Wednesday,R108,363
15:15,Wednesday,R109,606
15:15,Wednesday,R110,567
15:15,Wednesday,R111,451
15:15,Wednesday,R112,737
15:30,Wednesday,R101,1043
15:30,Wednesday,R102,784
15:30,Wednesday,R103,962
15:30,Wednesday,R104,622
15:30,Wednesday,R105,602
15:30,Wednesday,R106,431
15:30,Wednesday,R107,481
15:30,Wednesday,R108,398
15:30,Wednesday,R109,675
15:30,Wednesday,R110,731
15:30,Wednesday,R111,461
15:30,Wednesday,R112,860
15:45,Wednesday,R101,1199
15:45,Wednesday,R102,849
15:45,Wednesday,R103,1186
15:45,Wednesday,R104,731
15:45,Wednesday,R105,653
15:45,Wednesday,R106,528
15:45,Wednesday,R107,551
15:45,Wednesday,R108,488
15:45,Wednesday,R109,814
15:45,Wednesday,R110,859
15:45,Wednesday,R111,535
15:45,Wednesday,R112,1092
16:00,Wednesday,R101,1358
16:00,Wednesday,R102,1057
16:00,Wednesday,R103,1319
16:00,Wednesday,R104,929
16:00,Wednesday,R105,824
16:00,Wednesday,R106,607
16:00,Wednesday,R107,585
16:00,Wednesday,R108,552
16:00,Wednesday,R109,975
16:00,Wednesday,R110,951
16:00,Wednesday,R111,589
16:00,Wednesday,R112,1100
16:15,Wednesday,R101,1496
16:15,Wednesday,R102,1121
16:15,Wednesday,R103,1531
16:15,Wednesday,R104,1021
16:15,Wednesday,R105,812
16:15,Wednesday,R106,668
16:15,Wednesday,R107,597
16:15,Wednesday,R108,649
16:15,Wednesday,R109,1038
16:15,Wednesday,R110,1077
16:15,Wednesday,R111,696
16:15,Wednesday,R112,1376
16:30,Wednesday,R101,1738
16:30,Wednesday,R102,1251
16:30,Wednesday,R103,1684
16:30,Wednesday,R104,1097
16:30,Wednesday,R105,947
16:30,Wednesday,R106,759
16:30,Wednesday,R107,770
16:30,Wednesday,R108,726
16:30,Wednesday,R109,1114
16:30,Wednesday,R110,1180
16:30,Wednesday,R111,750
16:30,Wednesday,R112,1471
16:45,Wednesday,R101,1827
16:45,Wednesday,R102,1205
16:45,Wednesday,R103,1735
16:45,Wednesday,R104,1142
16:45,Wednesday,R105,1039
16:45,Wednesday,R106,745
16:45,Wednesday,R107,788
16:45,Wednesday,R108,757
16:45,Wednesday,R109,1235
16:45,Wednesday,R110,1208
16:45,Wednesday,R111,900
16:45,Wednesday,R112,1664
17:00,Wednesday,R101,1851
17:00,Wednesday,R102,1353
17:00,Wednesday,R103,1979
17:00,Wednesday,R104,1205
17:00,Wednesday,R105,1105
17:00,Wednesday,R106,860
17:00,Wednesday,R107,748
17:00,Wednesday,R108,839
17:00,Wednesday,R109,1323
17:00,Wednesday,R110,1296
17:00,Wednesday,R111,904
17:00,Wednesday,R112,1634
17:15,Wednesday,R101,1803
17:15,Wednesday,R102,1536
17:15,Wednesday,R103,2007
17:15,Wednesday,R104,1293
17:15,Wednesday,R105,1198
17:15,Wednesday,R106,821
17:15,Wednesday,R107,864
17:15,Wednesday,R108,810
17:15,Wednesday,R109,1417
17:15,Wednesday,R110,1233
17:15,Wednesday,R111,934
17:15,Wednesday,R112,1647
17:30,Wednesday,R101,2016
17:30,Wednesday,R102,1486
17:30,Wednesday,R103,1962
17:30,Wednesday,R104,1241
17:30,Wednesday,R105,1156
17:30,Wednesday,R106,835
17:30,Wednesday,R107,888
17:30,Wednesday,R108,815
17:30,Wednesday,R109,1200
17:30,Wednesday,R110,1356
17:30,Wednesday,R111,905
17:30,Wednesday,R112,1586
17:45,Wednesday,R101,1847
17:45,Wednesday,R102,1446
17:45,Wednesday,R103,2123
17:45,Wednesday,R104,1285
17:45,Wednesday,R105,1117
17:45,Wednesday,R106,878
17:45,Wednesday,R107,829
17:45,Wednesday,R108,794
17:45,Wednesday,R109,1294
17:45,Wednesday,R110,1257
17:45,Wednesday,R111,922
17:45,Wednesday,R112,1705
18:00,Wednesday,R101,1883
18:00,Wednesday,R102,1365
18:00,Wednesday,R103,1854
18:00,Wednesday,R104,1258
18:00,Wednesday,R105,1046
18:00,Wednesday,R106,861
18:00,Wednesday,R107,782
18:00,Wednesday,R108,765
18:00,Wednesday,R109,1232
18:00,Wednesday,R110,1290
18:00,Wednesday,R111,948
18:00,Wednesday,R112,1675
18:15,Wednesday,R101,1870
18:15,Wednesday,R102,1347
18:15,Wednesday,R103,1740
18:15,Wednesday,R104,1140
18:15,Wednesday,R105,1016
18:15,Wednesday,R106,835
18:15,Wednesday,R107,733
18:15,Wednesday,R108,779
18:15,Wednesday,R109,1296
18:15,Wednesday,R110,1354
18:15,Wednesday,R111,844
18:15,Wednesday,R112,1598
18:30,Wednesday,R101,1830
18:30,Wednesday,R102,1185
18:30,Wednesday,R103,1576
18:30,Wednesday,R104,979
18:30,Wednesday,R105,1009
18:30,Wednesday,R106,669
18:30,Wednesday,R107,705
18:30,Wednesday,R108,706
18:30,Wednesday,R109,1161
18:30,Wednesday,R110,1183
18:30,Wednesday,R111,805
18:30,Wednesday,R112,1516
18:45,Wednesday,R101,1444
18:45,Wednesday,R102,1072
18:45,Wednesday,R103,1481
18:45,Wednesday,R104,1004
18:45,Wednesday,R105,926
18:45,Wednesday,R106,677
18:45,Wednesday,R107,685
18:45,Wednesday,R108,594
18:45,Wednesday,R109,1120
18:45,Wednesday,R110,1130
18:45,Wednesday,R111,748
18:45,Wednesday,R112,1405
19:00,Wednesday,R101,1246
19:00,Wednesday,R102,961
19:00,Wednesday,R103,1319
19:00,Wednesday,R104,887
19:00,Wednesday,R105,759
19:00,Wednesday,R106,612
19:00,Wednesday,R107,615
19:00,Wednesday,R108,575
19:00,Wednesday,R109,937
19:00,Wednesday,R110,903
19:00,Wednesday,R111,621
19:00,Wednesday,R112,1223
19:15,Wednesday,R101,1223
19:15,Wednesday,R102,860
19:15,Wednesday,R103,1169
19:15,Wednesday,R104,680
19:15,Wednesday,R105,667
19:15,Wednesday,R106,568
19:15,Wednesday,R107,475
19:15,Wednesday,R108,492
19:15,Wednesday,R109,843
19:15,Wednesday,R110,785
19:15,Wednesday,R111,572
19:15,Wednesday,R112,1057
19:30,Wednesday,R101,1024
19:30,Wednesday,R102,840
19:30,Wednesday,R103,948
19:30,Wednesday,R104,673
19:30,Wednesday,R105,605
19:30,Wednesday,R106,470
19:30,Wednesday,R107,449
19:30,Wednesday,R108,401
19:30,Wednesday,R109,699
19:30,Wednesday,R110,663
19:30,Wednesday,R111,506
19:30,Wednesday,R112,887
19:45,Wednesday,R101,903
19:45,Wednesday,R102,666
19:45,Wednesday,R103,887
19:45,Wednesday,R104,549
19:45,Wednesday,R105,503
19:45,Wednesday,R106,368
19:45,Wednesday,R107,403
19:45,Wednesday,R108,393
19:45,Wednesday,R109,580
19:45,Wednesday,R110,625
19:45,Wednesday,R111,399
19:45,Wednesday,R112,787
20:00,Wednesday,R101,771
20:00,Wednesday,R102,588
20:00,Wednesday,R103,708
20:00,Wednesday,R104,449
20:00,Wednesday,R105,457
20:00,Wednesday,R106,346
20:00,Wednesday,R107,312
20:00,Wednesday,R108,280
20:00,Wednesday,R109,516
20:00,Wednesday,R110,553
20:00,Wednesday,R111,336
20:00,Wednesday,R112,673
20:15,Wednesday,R101,672
20:15,Wednesday,R102,461
20:15,Wednesday,R103,624
20:15,Wednesday,R104,399
20:15,Wednesday,R105,366
20:15,Wednesday,R106,282
20:15,Wednesday,R107,215
20:15,Wednesday,R108,276
20:15,Wednesday,R109,375
20:15,Wednesday,R110,497
20:15,Wednesday,R111,298
20:15,Wednesday,R112,533
20:30,Wednesday,R101,533
20:30,Wednesday,R102,383
20:30,Wednesday,R103,562
20:30,Wednesday,R104,262
20:30,Wednesday,R105,367
20:30,Wednesday,R106,250
20:30,Wednesday,R107,199
20:30,Wednesday,R108,188
20:30,Wednesday,R109,391
20:30,Wednesday,R110,374
20:30,Wednesday,R111,234
20:30,Wednesday,R112,487
20:45,Wednesday,R101,485
20:45,Wednesday,R102,313
20:45,Wednesday,R103,456
20:45,Wednesday,R104,250
20:45,Wednesday,R105,321
20:45,Wednesday,R106,236
20:45,Wednesday,R107,211
20:45,Wednesday,R108,193
20:45,Wednesday,R109,341
20:45,Wednesday,R110,348
20:45,Wednesday,R111,199
20:45,Wednesday,R112,407
21:00,Wednesday,R101,473
21:00,Wednesday,R102,269
21:00,Wednesday,R103,384
21:00,Wednesday,R104,249
21:00,Wednesday,R105,260
21:00,Wednesday,R106,161
21:00,Wednesday,R107,201
21:00,Wednesday,R108,219
21:00,Wednesday,R109,262
21:00,Wednesday,R110,287
21:00,Wednesday,R111,163
21:00,Wednesday,R112,353
21:15,Wednesday,R101,407
21:15,Wednesday,R102,276
21:15,Wednesday,R103,349
21:15,Wednesday,R104,196
21:15,Wednesday,R105,210
21:15,Wednesday,R106,188
21:15,Wednesday,R107,178
21:15,Wednesday,R108,104
21:15,Wednesday,R109,267
21:15,Wednesday,R110,296
21:15,Wednesday,R111,217
21:15,Wednesday,R112,277
21:30,Wednesday,R101,315
21:30,Wednesday,R102,238
21:30,Wednesday,R103,330
21:30,Wednesday,R104,236
21:30,Wednesday,R105,237
21:30,Wednesday,R106,148
21:30,Wednesday,R107,116
21:30,Wednesday,R108,161
21:30,Wednesday,R109,181
21:30,Wednesday,R110,302
21:30,Wednesday,R111,161
21:30,Wednesday,R112,324
21:45,Wednesday,R101,345
21:45,Wednesday,R102,222
21:45,Wednesday,R103,282
21:45,Wednesday,R104,168
21:45,Wednesday,R105,218
21:45,Wednesday,R106,146
21:45,Wednesday,R107,118
21:45,Wednesday,R108,117
21:45,Wednesday,R109,192
21:45,Wednesday,R110,193
21:45,Wednesday,R111,169
21:45,Wednesday,R112,241
22:00,Wednesday,R101,285
22:00,Wednesday,R102,173
22:00,Wednesday,R103,235
22:00,Wednesday,R104,133
22:00,Wednesday,R105,182
22:00,Wednesday,R106,187
22:00,Wednesday,R107,113
22:00,Wednesday,R108,119
22:00,Wednesday,R109,190
22:00,Wednesday,R110,240
22:00,Wednesday,R111,149
22:00,Wednesday,R112,223
22:15,Wednesday,R101,340
22:15,Wednesday,R102,253
22:15,Wednesday,R103,228
22:15,Wednesday,R104,135
22:15,Wednesday,R105,187
22:15,Wednesday,R106,110
22:15,Wednesday,R107,135
22:15,Wednesday,R108,92
22:15,Wednesday,R109,227
22:15,Wednesday,R110,260
22:15,Wednesday,R111,151
22:15,Wednesday,R112,270
22:30,Wednesday,R101,326
22:30,Wednesday,R102,189
22:30,Wednesday,R103,243
22:30,Wednesday,R104,158
22:30,Wednesday,R105,212
22:30,Wednesday,R106,135
22:30,Wednesday,R107,80
22:30,Wednesday,R108,88
22:30,Wednesday,R109,167
22:30,Wednesday,R110,224
22:30,Wednesday,R111,192
22:30,Wednesday,R112,204
22:45,Wednesday,R101,307
22:45,Wednesday,R102,238
22:45,Wednesday,R103,317
22:45,Wednesday,R104,144
22:45,Wednesday,R105,200
22:45,Wednesday,R106,144
22:45,Wednesday,R107,123
22:45,Wednesday,R108,104
22:45,Wednesday,R109,177
22:45,Wednesday,R110,160
22:45,Wednesday,R111,158
22:45,Wednesday,R112,239
23:00,Wednesday,R101,286
23:00,Wednesday,R102,250
23:00,Wednesday,R103,240
23:00,Wednesday,R104,142
23:00,Wednesday,R105,236
23:00,Wednesday,R106,108
23:00,Wednesday,R107,103
23:00,Wednesday,R108,102
23:00,Wednesday,R109,185
23:00,Wednesday,R110,227
23:00,Wednesday,R111,108
23:00,Wednesday,R112,220
23:15,Wednesday,R101,275
23:15,Wednesday,R102,196
23:15,Wednesday,R103,267
23:15,Wednesday,R104,162
23:15,Wednesday,R105,141
23:15,Wednesday,R106,154
23:15,Wednesday,R107,123
23:15,Wednesday,R108,139
23:15,Wednesday,R109,174
23:15,Wednesday,R110,248
23:15,Wednesday,R111,151
23:15,Wednesday,R112,266
23:30,Wednesday,R101,303
23:30,Wednesday,R102,195
23:30,Wednesday,R103,312
23:30,Wednesday,R104,173
23:30,Wednesday,R105,200
23:30,Wednesday,R106,96
23:30,Wednesday,R107,84
23:30,Wednesday,R108,112
23:30,Wednesday,R109,166
23:30,Wednesday,R110,205
23:30,Wednesday,R111,143
23:30,Wednesday,R112,272
23:45,Wednesday,R101,307
23:45,Wednesday,R102,168
23:45,Wednesday,R103,252
23:45,Wednesday,R104,130
23:45,Wednesday,R105,175
23:45,Wednesday,R106,117
23:45,Wednesday,R107,104
23:45,Wednesday,R108,80
23:45,Wednesday,R109,159
23:45,Wednesday,R110,206
23:45,Wednesday,R111,80
23:45,Wednesday,R112,283
00:00,Thursday,R101,313
00:00,Thursday,R102,185
00:00,Thursday,R103,252
00:00,Thursday,R104,119
00:00,Thursday,R105,225
00:00,Thursday,R106,173
00:00,Thursday,R107,118
00:00,Thursday,R108,129
00:00,Thursday,R109,165
00:00,Thursday,R110,184
00:00,Thursday,R111,127
00:00,Thursday,R112,232
00:15,Thursday,R101,275
00:15,Thursday,R102,189
00:15,Thursday,R103,249
00:15,Thursday,R104,147
00:15,Thursday,R105,184
00:15,Thursday,R106,99
00:15,Thursday,R107,96
00:15,Thursday,R108,80
00:15,Thursday,R109,185
00:15,Thursday,R110,165
00:15,Thursday,R111,166
00:15,Thursday,R112,263
00:30,Thursday,R101,278
00:30,Thursday,R102,129
00:30,Thursday,R103,243
00:30,Thursday,R104,147
00:30,Thursday,R105,158
00:30,Thursday,R106,113
00:30,Thursday,R107,153
00:30,Thursday,R108,120
00:30,Thursday,R109,137
00:30,Thursday,R110,177
00:30,Thursday,R111,129
00:30,Thursday,R112,223
00:45,Thursday,R101,298
00:45,Thursday,R102,181
00:45,Thursday,R103,264
00:45,Thursday,R104,197
00:45,Thursday,R105,203
00:45,Thursday,R106,125
00:45,Thursday,R107,110
00:45,Thursday,R108,94
00:45,Thursday,R109,190
00:45,Thursday,R110,202
00:45,Thursday,R111,138
00:45,Thursday,R112,230
01:00,Thursday,R101,273
01:00,Thursday,R102,160
01:00,Thursday,R103,260
01:00,Thursday,R104,147
01:00,Thursday,R105,196
01:00,Thursday,R106,112
01:00,Thursday,R107,145
01:00,Thursday,R108,81
01:00,Thursday,R109,203
01:00,Thursday,R110,174
01:00,Thursday,R111,148
01:00,Thursday,R112,241
01:15,Thursday,R101,266
01:15,Thursday,R102,205
01:15,Thursday,R103,284
01:15,Thursday,R104,93
01:15,Thursday,R105,196
01:15,Thursday,R106,80
01:15,Thursday,R107,90
01:15,Thursday,R108,144
01:15,Thursday,R109,146
01:15,Thursday,R110,188
01:15,Thursday,R111,132
01:15,Thursday,R112,280
01:30,Thursday,R101,240
01:30,Thursday,R102,168
01:30,Thursday,R103,289
01:30,Thursday,R104,195
01:30,Thursday,R105,180
01:30,Thursday,R106,95
01:30,Thursday,R107,167
01:30,Thursday,R108,143
01:30,Thursday,R109,177
01:30,Thursday,R110,197
01:30,Thursday,R111,136
01:30,Thursday,R112,225
01:45,Thursday,R101,294
01:45,Thursday,R102,231
01:45,Thursday,R103,274
01:45,Thursday,R104,122
01:45,Thursday,R105,217
01:45,Thursday,R106,134
01:45,Thursday,R107,132
01:45,Thursday,R108,140
01:45,Thursday,R109,132
01:45,Thursday,R110,216
01:45,Thursday,R111,124
01:45,Thursday,R112,190
02:00,Thursday,R101,295
02:00,Thursday,R102,257
02:00,Thursday,R103,206
02:00,Thursday,R104,148
02:00,Thursday,R105,199
02:00,Thursday,R106,129
02:00,Thursday,R107,112
02:00,Thursday,R108,80
02:00,Thursday,R109,166
02:00,Thursday,R110,198
02:00,Thursday,R111,83
02:00,Thursday,R112,259
02:15,Thursday,R101,310
02:15,Thursday,R102,196
02:15,Thursday,R103,257
02:15,Thursday,R104,176
02:15,Thursday,R105,189
02:15,Thursday,R106,148
02:15,Thursday,R107,107
02:15,Thursday,R108,136
02:15,Thursday,R109,168
02:15,Thursday,R110,222
02:15,Thursday,R111,106
02:15,Thursday,R112,236
02:30,Thursday,R101,265
02:30,Thursday,R102,179
02:30,Thursday,R103,231
02:30,Thursday,R104,122
02:30,Thursday,R105,236
02:30,Thursday,R106,159
02:30,Thursday,R107,162
02:30,Thursday,R108,80
02:30,Thursday,R109,162
02:30,Thursday,R110,185
02:30,Thursday,R111,120
02:30,Thursday,R112,206
02:45,Thursday,R101,317
02:45,Thursday,R102,185
02:45,Thursday,R103,278
02:45,Thursday,R104,164
02:45,Thursday,R105,241
02:45,Thursday,R106,89
02:45,Thursday,R107,146
02:45,Thursday,R108,132
02:45,Thursday,R109,136
02:45,Thursday,R110,243
02:45,Thursday,R111,146
02:45,Thursday,R112,223
03:00,Thursday,R101,265
03:00,Thursday,R102,177
03:00,Thursday,R103,303
03:00,Thursday,R104,149
03:00,Thursday,R105,203
03:00,Thursday,R106,106
03:00,Thursday,R107,95
03:00,Thursday,R108,130
03:00,Thursday,R109,126
03:00,Thursday,R110,207
03:00,Thursday,R111,138
03:00,Thursday,R112,232
03:15,Thursday,R101,282
03:15,Thursday,R102,204
03:15,Thursday,R103,269
03:15,Thursday,R104,167
03:15,Thursday,R105,158
03:15,Thursday,R106,119
03:15,Thursday,R107,144
03:15,Thursday,R108,125
03:15,Thursday,R109,126
03:15,Thursday,R110,226
03:15,Thursday,R111,88
03:15,Thursday,R112,230
03:30,Thursday,R101,333
03:30,Thursday,R102,171
03:30,Thursday,R103,231
03:30,Thursday,R104,168
03:30,Thursday,R105,144
03:30,Thursday,R106,110
03:30,Thursday,R107,129
03:30,Thursday,R108,87
03:30,Thursday,R109,154
03:30,Thursday,R110,236
03:30,Thursday,R111,148
03:30,Thursday,R112,235
03:45,Thursday,R101,278
03:45,Thursday,R102,204
03:45,Thursday,R103,249
03:45,Thursday,R104,160
03:45,Thursday,R105,171
03:45,Thursday,R106,121
03:45,Thursday,R107,90
03:45,Thursday,R108,102
03:45,Thursday,R109,140
03:45,Thursday,R110,190
03:45,Thursday,R111,144
03:45,Thursday,R112,234
04:00,Thursday,R101,306
04:00,Thursday,R102,184
04:00,Thursday,R103,262
04:00,Thursday,R104,163
04:00,Thursday,R105,194
04:00,Thursday,R106,105
04:00,Thursday,R107,118
04:00,Thursday,R108,112
04:00,Thursday,R109,160
04:00,Thursday,R110,165
04:00,Thursday,R111,141
04:00,Thursday,R112,284
04:15,Thursday,R101,277
04:15,Thursday,R102,176
04:15,Thursday,R103,261
04:15,Thursday,R104,157
04:15,Thursday,R105,213
04:15,Thursday,R106,94
04:15,Thursday,R107,133
04:15,Thursday,R108,118
04:15,Thursday,R109,157
04:15,Thursday,R110,226
04:15,Thursday,R111,163
04:15,Thursday,R112,251
04:30,Thursday,R101,258
04:30,Thursday,R102,215
04:30,Thursday,R103,250
04:30,Thursday,R104,151
04:30,Thursday,R105,185
04:30,Thursday,R106,122
04:30,Thursday,R107,144
04:30,Thursday,R108,101
04:30,Thursday,R109,132
04:30,Thursday,R110,208
04:30,Thursday,R111,142
04:30,Thursday,R112,260
04:45,Thursday,R101,302
04:45,Thursday,R102,174
04:45,Thursday,R103,315
04:45,Thursday,R104,156
04:45,Thursday,R105,215
04:45,Thursday,R106,122
04:45,Thursday,R107,128
04:45,Thursday,R108,124
04:45,Thursday,R109,191
04:45,Thursday,R110,244
04:45,Thursday,R111,159
04:45,Thursday,R112,222
05:00,Thursday,R101,273
05:00,Thursday,R102,204
05:00,Thursday,R103,277
05:00,Thursday,R104,144
05:00,Thursday,R105,211
05:00,Thursday,R106,163
05:00,Thursday,R107,92
05:00,Thursday,R108,83
05:00,Thursday,R109,158
05:00,Thursday,R110,226
05:00,Thursday,R111,125
05:00,Thursday,R112,264
05:15,Thursday,R101,300
05:15,Thursday,R102,198
05:15,Thursday,R103,219
05:15,Thursday,R104,118
05:15,Thursday,R105,192
05:15,Thursday,R106,80
05:15,Thursday,R107,141
05:15,Thursday,R108,100
05:15,Thursday,R109,243
05:15,Thursday,R110,277
05:15,Thursday,R111,134
05:15,Thursday,R112,229
05:30,Thursday,R101,317
05:30,Thursday,R102,241
05:30,Thursday,R103,217
05:30,Thursday,R104,108
05:30,Thursday,R105,171
05:30,Thursday,R106,143
05:30,Thursday,R107,129
05:30,Thursday,R108,132
05:30,Thursday,R109,134
05:30,Thursday,R110,163
05:30,Thursday,R111,161
05:30,Thursday,R112,213
05:45,Thursday,R101,246
05:45,Thursday,R102,206
05:45,Thursday,R103,282
05:45,Thursday,R104,153
05:45,Thursday,R105,178
05:45,Thursday,R106,126
05:45,Thursday,R107,110
05:45,Thursday,R108,80
05:45,Thursday,R109,150
05:45,Thursday,R110,237
05:45,Thursday,R111,150
05:45,Thursday,R112,242
06:00,Thursday,R101,279
06:00,Thursday,R102,203
06:00,Thursday,R103,216
06:00,Thursday,R104,165
06:00,Thursday,R105,229
06:00,Thursday,R106,97
06:00,Thursday,R107,108
06:00,Thursday,R108,119
06:00,Thursday,R109,205
06:00,Thursday,R110,219
06:00,Thursday,R111,129
06:00,Thursday,R112,195
06:15,Thursday,R101,319
06:15,Thursday,R102,268
06:15,Thursday,R103,291
06:15,Thursday,R104,169
06:15,Thursday,R105,209
06:15,Thursday,R106,139
06:15,Thursday,R107,108
06:15,Thursday,R108,137
06:15,Thursday,R109,188
06:15,Thursday,R110,239
06:15,Thursday,R111,128
06:15,Thursday,R112,288
06:30,Thursday,R101,353
06:30,Thursday,R102,218
06:30,Thursday,R103,330
06:30,Thursday,R104,170
06:30,Thursday,R105,193
06:30,Thursday,R106,129
06:30,Thursday,R107,92
06:30,Thursday,R108,136
06:30,Thursday,R109,151
06:30,Thursday,R110,221
06:30,Thursday,R111,110
06:30,Thursday,R112,271
06:45,Thursday,R101,363
06:45,Thursday,R102,246
06:45,Thursday,R103,310
06:45,Thursday,R104,173
06:45,Thursday,R105,241
06:45,Thursday,R106,147
06:45,Thursday,R107,158
06:45,Thursday,R108,115
06:45,Thursday,R109,223
06:45,Thursday,R110,305
06:45,Thursday,R111,190
06:45,Thursday,R112,289
07:00,Thursday,R101,416
07:00,Thursday,R102,280
07:00,Thursday,R103,381
07:00,Thursday,R104,223
07:00,Thursday,R105,250
07:00,Thursday,R106,185
07:00,Thursday,R107,144
07:00,Thursday,R108,131
07:00,Thursday,R109,214
07:00,Thursday,R110,262
07:00,Thursday,R111,166
07:00,Thursday,R112,341
07:15,Thursday,R101,447
07:15,Thursday,R102,344
07:15,Thursday,R103,445
07:15,Thursday,R104,222
07:15,Thursday,R105,305
07:15,Thursday,R106,227
07:15,Thursday,R107,170
07:15,Thursday,R108,192
07:15,Thursday,R109,271
07:15,Thursday,R110,345
07:15,Thursday,R111,193
07:15,Thursday,R112,344
07:30,Thursday,R101,539
07:30,Thursday,R102,387
07:30,Thursday,R103,517
07:30,Thursday,R104,295
07:30,Thursday,R105,325
07:30,Thursday,R106,248
07:30,Thursday,R107,228
07:30,Thursday,R108,220
07:30,Thursday,R109,333
07:30,Thursday,R110,427
07:30,Thursday,R111,234
07:30,Thursday,R112,471
07:45,Thursday,R101,684
07:45,Thursday,R102,477
07:45,Thursday,R103,627
07:45,Thursday,R104,379
07:45,Thursday,R105,419
07:45,Thursday,R106,250
07:45,Thursday,R107,249
07:45,Thursday,R108,249
07:45,Thursday,R109,453
07:45,Thursday,R110,476
07:45,Thursday,R111,287
07:45,Thursday,R112,540
08:00,Thursday,R101,751
08:00,Thursday,R102,539
08:00,Thursday,R103,796
08:00,Thursday,R104,440
08:00,Thursday,R105,504
08:00,Thursday,R106,360
08:00,Thursday,R107,355
08:00,Thursday,R108,300
08:00,Thursday,R109,507
08:00,Thursday,R110,515
08:00,Thursday,R111,358
08:00,Thursday,R112,670
08:15,Thursday,R101,968
08:15,Thursday,R102,630
08:15,Thursday,R103,897
08:15,Thursday,R104,566
08:15,Thursday,R105,512
08:15,Thursday,R106,417
08:15,Thursday,R107,372
08:15,Thursday,R108,368
08:15,Thursday,R109,602
08:15,Thursday,R110,626
08:15,Thursday,R111,439
08:15,Thursday,R112,773
08:30,Thursday,R101,1054
08:30,Thursday,R102,755
08:30,Thursday,R103,1092
08:30,Thursday,R104,726
08:30,Thursday,R105,641
08:30,Thursday,R106,496
08:30,Thursday,R107,424
08:30,Thursday,R108,444
08:30,Thursday,R109,691
08:30,Thursday,R110,707
08:30,Thursday,R111,496
08:30,Thursday,R112,967
08:45,Thursday,R101,1288
08:45,Thursday,R102,912
08:45,Thursday,R103,1162
08:45,Thursday,R104,778
08:45,Thursday,R105,742
08:45,Thursday,R106,548
08:45,Thursday,R107,484
08:45,Thursday,R108,488
08:45,Thursday,R109,843
08:45,Thursday,R110,890
08:45,Thursday,R111,534
08:45,Thursday,R112,1053
09:00,Thursday,R101,1402
09:00,Thursday,R102,1059
09:00,Thursday,R103,1458
09:00,Thursday,R104,914
09:00,Thursday,R105,794
09:00,Thursday,R106,560
09:00,Thursday,R107,589
09:00,Thursday,R108,604
09:00,Thursday,R109,1020
09:00,Thursday,R110,1009
09:00,Thursday,R111,682
09:00,Thursday,R112,1220
09:15,Thursday,R101,1496
09:15,Thursday,R102,1119
09:15,Thursday,R103,1679
09:15,Thursday,R104,944
09:15,Thursday,R105,971
09:15,Thursday,R106,665
09:15,Thursday,R107,701
09:15,Thursday,R108,599
09:15,Thursday,R109,1089
09:15,Thursday,R110,1039
09:15,Thursday,R111,690
09:15,Thursday,R112,1337
09:30,Thursday,R101,1721
09:30,Thursday,R102,1163
09:30,Thursday,R103,1566
09:30,Thursday,R104,1056
09:30,Thursday,R105,966
09:30,Thursday,R106,742
09:30,Thursday,R107,741
09:30,Thursday,R108,685
09:30,Thursday,R109,1237
09:30,Thursday,R110,1163
09:30,Thursday,R111,778
09:30,Thursday,R112,1319
09:45,Thursday,R101,1698
09:45,Thursday,R102,1243
09:45,Thursday,R103,1830
09:45,Thursday,R104,1132
09:45,Thursday,R105,957
09:45,Thursday,R106,762
09:45,Thursday,R107,765
09:45,Thursday,R108,767
09:45,Thursday,R109,1242
09:45,Thursday,R110,1242
09:45,Thursday,R111,827
09:45,Thursday,R112,1511
10:00,Thursday,R101,1841
10:00,Thursday,R102,1204
10:00,Thursday,R103,1753
10:00,Thursday,R104,1086
10:00,Thursday,R105,1043
10:00,Thursday,R106,809
10:00,Thursday,R107,733
10:00,Thursday,R108,650
10:00,Thursday,R109,1189
10:00,Thursday,R110,1268
10:00,Thursday,R111,857
10:00,Thursday,R112,1535
10:15,Thursday,R101,1696
10:15,Thursday,R102,1189
10:15,Thursday,R103,1795
10:15,Thursday,R104,1067
10:15,Thursday,R105,1111
10:15,Thursday,R106,775
10:15,Thursday,R107,723
10:15,Thursday,R108,698
10:15,Thursday,R109,1189
10:15,Thursday,R110,1188
10:15,Thursday,R111,866
10:15,Thursday,R112,1497
10:30,Thursday,R101,1592
10:30,Thursday,R102,1311
10:30,Thursday,R103,1683
10:30,Thursday,R104,1097
10:30,Thursday,R105,943
10:30,Thursday,R106,736
10:30,Thursday,R107,721
10:30,Thursday,R108,629
10:30,Thursday,R109,1246
10:30,Thursday,R110,1218
10:30,Thursday,R111,776
10:30,Thursday,R112,1351
10:45,Thursday,R101,1558
10:45,Thursday,R102,1130
10:45,Thursday,R103,1587
10:45,Thursday,R104,994
10:45,Thursday,R105,926
10:45,Thursday,R106,719
10:45,Thursday,R107,679
10:45,Thursday,R108,609
10:45,Thursday,R109,1127
10:45,Thursday,R110,1154
10:45,Thursday,R111,841
10:45,Thursday,R112,1257
11:00,Thursday,R101,1409
11:00,Thursday,R102,925
11:00,Thursday,R103,1449
11:00,Thursday,R104,869
11:00,Thursday,R105,895
11:00,Thursday,R106,592
11:00,Thursday,R107,554
11:00,Thursday,R108,566
11:00,Thursday,R109,874
11:00,Thursday,R110,1011
11:00,Thursday,R111,607
11:00,Thursday,R112,1202
11:15,Thursday,R101,1120
11:15,Thursday,R102,889
11:15,Thursday,R103,1340
11:15,Thursday,R104,798
11:15,Thursday,R105,704
11:15,Thursday,R106,543
11:15,Thursday,R107,531
11:15,Thursday,R108,522
11:15,Thursday,R109,793
11:15,Thursday,R110,892
11:15,Thursday,R111,521
11:15,Thursday,R112,1031
11:30,Thursday,R101,1049
11:30,Thursday,R102,803
11:30,Thursday,R103,1078
11:30,Thursday,R104,633
11:30,Thursday,R105,610
11:30,Thursday,R106,477
11:30,Thursday,R107,457
11:30,Thursday,R108,426
11:30,Thursday,R109,712
11:30,Thursday,R110,781
11:30,Thursday,R111,502
11:30,Thursday,R112,915
11:45,Thursday,R101,1006
11:45,Thursday,R102,622
11:45,Thursday,R103,837
11:45,Thursday,R104,591
11:45,Thursday,R105,531
11:45,Thursday,R106,395
11:45,Thursday,R107,371
11:45,Thursday,R108,367
11:45,Thursday,R109,660
11:45,Thursday,R110,674
11:45,Thursday,R111,461
11:45,Thursday,R112,732
12:00,Thursday,R101,735
12:00,Thursday,R102,488
12:00,Thursday,R103,737
12:00,Thursday,R104,501
12:00,Thursday,R105,479
12:00,Thursday,R106,336
12:00,Thursday,R107,328
12:00,Thursday,R108,296
12:00,Thursday,R109,518
12:00,Thursday,R110,572
12:00,Thursday,R111,332
12:00,Thursday,R112,667
12:15,Thursday,R101,682
12:15,Thursday,R102,459
12:15,Thursday,R103,659
12:15,Thursday,R104,466
12:15,Thursday,R105,394
12:15,Thursday,R106,298
12:15,Thursday,R107,258
12:15,Thursday,R108,266
12:15,Thursday,R109,438
12:15,Thursday,R110,475
12:15,Thursday,R111,289
12:15,Thursday,R112,557
12:30,Thursday,R101,594
12:30,Thursday,R102,408
12:30,Thursday,R103,561
12:30,Thursday,R104,325
12:30,Thursday,R105,359
12:30,Thursday,R106,252
12:30,Thursday,R107,210
12:30,Thursday,R108,227
12:30,Thursday,R109,331
12:30,Thursday,R110,388
12:30,Thursday,R111,272
12:30,Thursday,R112,474
12:45,Thursday,R101,454
12:45,Thursday,R102,369
12:45,Thursday,R103,474
12:45,Thursday,R104,264
12:45,Thursday,R105,259
12:45,Thursday,R106,209
12:45,Thursday,R107,190
12:45,Thursday,R108,191
12:45,Thursday,R109,294
12:45,Thursday,R110,303
12:45,Thursday,R111,223
12:45,Thursday,R112,395
13:00,Thursday,R101,450
13:00,Thursday,R102,287
13:00,Thursday,R103,449
13:00,Thursday,R104,200
13:00,Thursday,R105,301
13:00,Thursday,R106,185
13:00,Thursday,R107,201
13:00,Thursday,R108,169
13:00,Thursday,R109,296
13:00,Thursday,R110,309
13:00,Thursday,R111,181
13:00,Thursday,R112,394
13:15,Thursday,R101,402
13:15,Thursday,R102,289
13:15,Thursday,R103,408
13:15,Thursday,R104,203
13:15,Thursday,R105,267
13:15,Thursday,R106,164
13:15,Thursday,R107,163
13:15,Thursday,R108,156
13:15,Thursday,R109,209
13:15,Thursday,R110,280
13:15,Thursday,R111,228
13:15,Thursday,R112,356
13:30,Thursday,R101,395
13:30,Thursday,R102,283
13:30,Thursday,R103,360
13:30,Thursday,R104,257
13:30,Thursday,R105,242
13:30,Thursday,R106,180
13:30,Thursday,R107,191
13:30,Thursday,R108,131
13:30,Thursday,R109,279
13:30,Thursday,R110,255
13:30,Thursday,R111,231
13:30,Thursday,R112,316
13:45,Thursday,R101,400
13:45,Thursday,R102,237
13:45,Thursday,R103,367
13:45,Thursday,R104,203
13:45,Thursday,R105,237
13:45,Thursday,R106,175
13:45,Thursday,R107,191
13:45,Thursday,R108,160
13:45,Thursday,R109,255
13:45,Thursday,R110,273
13:45,Thursday,R111,173
13:45,Thursday,R112,379
14:00,Thursday,R101,416
14:00,Thursday,R102,347
14:00,Thursday,R103,402
14:00,Thursday,R104,248
14:00,Thursday,R105,296
14:00,Thursday,R106,223
14:00,Thursday,R107,177
14:00,Thursday,R108,157
14:00,Thursday,R109,266
14:00,Thursday,R110,328
14:00,Thursday,R111,231
14:00,Thursday,R112,359
14:15,Thursday,R101,497
14:15,Thursday,R102,381
14:15,Thursday,R103,467
14:15,Thursday,R104,288
14:15,Thursday,R105,258
14:15,Thursday,R106,146
14:15,Thursday,R107,210
14:15,Thursday,R108,185
14:15,Thursday,R109,289
14:15,Thursday,R110,358
14:15,Thursday,R111,230
14:15,Thursday,R112,429
14:30,Thursday,R101,551
14:30,Thursday,R102,372
14:30,Thursday,R103,552
14:30,Thursday,R104,319
14:30,Thursday,R105,348
14:30,Thursday,R106,229
14:30,Thursday,R107,213
14:30,Thursday,R108,218
14:30,Thursday,R109,350
14:30,Thursday,R110,410
14:30,Thursday,R111,257
14:30,Thursday,R112,413
14:45,Thursday,R101,623
14:45,Thursday,R102,475
14:45,Thursday,R103,610
14:45,Thursday,R104,377
14:45,Thursday,R105,410
14:45,Thursday,R106,262
14:45,Thursday,R107,229
14:45,Thursday,R108,249
14:45,Thursday,R109,400
14:45,Thursday,R110,433
14:45,Thursday,R111,301
14:45,Thursday,R112,548
15:00,Thursday,R101,743
15:00,Thursday,R102,543
15:00,Thursday,R103,791
15:00,Thursday,R104,446
15:00,Thursday,R105,454
15:00,Thursday,R106,314
15:00,Thursday,R107,294
15:00,Thursday,R108,285
15:00,Thursday,R109,478
15:00,Thursday,R110,540
15:00,Thursday,R111,415
15:00,Thursday,R112,609
15:15,Thursday,R101,854
15:15,Thursday,R102,628
15:15,Thursday,R103,880
15:15,Thursday,R104,547
15:15,Thursday,R105,553
15:15,Thursday,R106,322
15:15,Thursday,R107,311
15:15,Thursday,R108,341
15:15,Thursday,R109,610
15:15,Thursday,R110,575
15:15,Thursday,R111,342
15:15,Thursday,R112,760
15:30,Thursday,R101,1025
15:30,Thursday,R102,701
15:30,Thursday,R103,971
15:30,Thursday,R104,609
15:30,Thursday,R105,607
15:30,Thursday,R106,430
15:30,Thursday,R107,446
15:30,Thursday,R108,344
15:30,Thursday,R109,659
15:30,Thursday,R110,681
15:30,Thursday,R111,480
15:30,Thursday,R112,846
15:45,Thursday,R101,1212
15:45,Thursday,R102,782
15:45,Thursday,R103,1182
15:45,Thursday,R104,760
15:45,Thursday,R105,753
15:45,Thursday,R106,503
15:45,Thursday,R107,510
15:45,Thursday,R108,438
15:45,Thursday,R109,713
15:45,Thursday,R110,856
15:45,Thursday,R111,562
15:45,Thursday,R112,1058
16:00,Thursday,R101,1251
16:00,Thursday,R102,998
16:00,Thursday,R103,1464
16:00,Thursday,R104,867
16:00,Thursday,R105,798
16:00,Thursday,R106,587
16:00,Thursday,R107,533
16:00,Thursday,R108,587
16:00,Thursday,R109,891
16:00,Thursday,R110,958
16:00,Thursday,R111,595
16:00,Thursday,R112,1086
16:15,Thursday,R101,1591
16:15,Thursday,R102,1078
16:15,Thursday,R103,1619
16:15,Thursday,R104,955
16:15,Thursday,R105,809
16:15,Thursday,R106,684
16:15,Thursday,R107,627
16:15,Thursday,R108,641
16:15,Thursday,R109,1034
16:15,Thursday,R110,974
16:15,Thursday,R111,723
16:15,Thursday,R112,1416
16:30,Thursday,R101,1681
16:30,Thursday,R102,1204
16:30,Thursday,R103,1758
16:30,Thursday,R104,1069
16:30,Thursday,R105,978
16:30,Thursday,R106,688
16:30,Thursday,R107,718
16:30,Thursday,R108,718
16:30,Thursday,R109,1098
16:30,Thursday,R110,1224
16:30,Thursday,R111,786
16:30,Thursday,R112,1363
16:45,Thursday,R101,1853
16:45,Thursday,R102,1287
16:45,Thursday,R103,1875
16:45,Thursday,R104,1131
16:45,Thursday,R105,1041
16:45,Thursday,R106,798
16:45,Thursday,R107,777
16:45,Thursday,R108,675
16:45,Thursday,R109,1172
16:45,Thursday,R110,1291
16:45,Thursday,R111,846
16:45,Thursday,R112,1498
17:00,Thursday,R101,1759
17:00,Thursday,R102,1311
17:00,Thursday,R103,1744
17:00,Thursday,R104,1207
17:00,Thursday,R105,1072
17:00,Thursday,R106,789
17:00,Thursday,R107,808
17:00,Thursday,R108,798
17:00,Thursday,R109,1429
17:00,Thursday,R110,1219
17:00,Thursday,R111,946
17:00,Thursday,R112,1692
17:15,Thursday,R101,1869
17:15,Thursday,R102,1438
17:15,Thursday,R103,1944
17:15,Thursday,R104,1266
17:15,Thursday,R105,1215
17:15,Thursday,R106,875
17:15,Thursday,R107,858
17:15,Thursday,R108,796
17:15,Thursday,R109,1262
17:15,Thursday,R110,1338
17:15,Thursday,R111,980
17:15,Thursday,R112,1562
17:30,Thursday,R101,1865
17:30,Thursday,R102,1450
17:30,Thursday,R103,1918
17:30,Thursday,R104,1225
17:30,Thursday,R105,1128
17:30,Thursday,R106,809
17:30,Thursday,R107,811
17:30,Thursday,R108,847
17:30,Thursday,R109,1287
17:30,Thursday,R110,1268
17:30,Thursday,R111,913
17:30,Thursday,R112,1752
17:45,Thursday,R101,1920
17:45,Thursday,R102,1395
17:45,Thursday,R103,1988
17:45,Thursday,R104,1157
17:45,Thursday,R105,1163
17:45,Thursday,R106,867
17:45,Thursday,R107,823
17:45,Thursday,R108,849
17:45,Thursday,R109,1283
17:45,Thursday,R110,1420
17:45,Thursday,R111,936
17:45,Thursday,R112,1651
18:00,Thursday,R101,1872
18:00,Thursday,R102,1371
18:00,Thursday,R103,2023
18:00,Thursday,R104,1154
18:00,Thursday,R105,1063
18:00,Thursday,R106,863
18:00,Thursday,R107,789
18:00,Thursday,R108,816
18:00,Thursday,R109,1406
18:00,Thursday,R110,1284
18:00,Thursday,R111,927
18:00,Thursday,R112,1537
18:15,Thursday,R101,1834
18:15,Thursday,R102,1315
18:15,Thursday,R103,1852
18:15,Thursday,R104,1113
18:15,Thursday,R105,965
18:15,Thursday,R106,798
18:15,Thursday,R107,696
18:15,Thursday,R108,731
18:15,Thursday,R109,1286
18:15,Thursday,R110,1250
18:15,Thursday,R111,926
18:15,Thursday,R112,1604
18:30,Thursday,R101,1596
18:30,Thursday,R102,1209
18:30,Thursday,R103,1674
18:30,Thursday,R104,984
18:30,Thursday,R105,928
18:30,Thursday,R106,705
18:30,Thursday,R107,645
18:30,Thursday,R108,688
18:30,Thursday,R109,1128
18:30,Thursday,R110,1064
18:30,Thursday,R111,804
18:30,Thursday,R112,1466
18:45,Thursday,R101,1509
18:45,Thursday,R102,1079
18:45,Thursday,R103,1560
18:45,Thursday,R104,988
18:45,Thursday,R105,894
18:45,Thursday,R106,633
18:45,Thursday,R107,652
18:45,Thursday,R108,655
18:45,Thursday,R109,1005
18:45,Thursday,R110,1146
18:45,Thursday,R111,700
18:45,Thursday,R112,1290
19:00,Thursday,R101,1293
19:00,Thursday,R102,985
19:00,Thursday,R103,1245
19:00,Thursday,R104,830
19:00,Thursday,R105,750
19:00,Thursday,R106,590
19:00,Thursday,R107,599
19:00,Thursday,R108,569
19:00,Thursday,R109,818
19:00,Thursday,R110,1023
19:00,Thursday,R111,648
19:00,Thursday,R112,1107
19:15,Thursday,R101,1178
19:15,Thursday,R102,860
19:15,Thursday,R103,1144
19:15,Thursday,R104,748
19:15,Thursday,R105,675
19:15,Thursday,R106,505
19:15,Thursday,R107,485
19:15,Thursday,R108,447
19:15,Thursday,R109,804
19:15,Thursday,R110,846
19:15,Thursday,R111,575
19:15,Thursday,R112,1041
19:30,Thursday,R101,1028
19:30,Thursday,R102,719
19:30,Thursday,R103,1054
19:30,Thursday,R104,598
19:30,Thursday,R105,579
19:30,Thursday,R106,422
19:30,Thursday,R107,460
19:30,Thursday,R108,439
19:30,Thursday,R109,700
19:30,Thursday,R110,752
19:30,Thursday,R111,464
19:30,Thursday,R112,880
19:45,Thursday,R101,864
19:45,Thursday,R102,653
19:45,Thursday,R103,859
19:45,Thursday,R104,530
19:45,Thursday,R105,534
19:45,Thursday,R106,404
19:45,Thursday,R107,353
19:45,Thursday,R108,352
19:45,Thursday,R109,553
19:45,Thursday,R110,548
19:45,Thursday,R111,422
19:45,Thursday,R112,761
20:00,Thursday,R101,750
20:00,Thursday,R102,485
20:00,Thursday,R103,718
20:00,Thursday,R104,399
20:00,Thursday,R105,481
20:00,Thursday,R106,299
20:00,Thursday,R107,346
20:00,Thursday,R108,322
20:00,Thursday,R109,466
20:00,Thursday,R110,502
20:00,Thursday,R111,365
20:00,Thursday,R112,604
20:15,Thursday,R101,636
20:15,Thursday,R102,441
20:15,Thursday,R103,566
20:15,Thursday,R104,325
20:15,Thursday,R105,389
20:15,Thursday,R106,264
20:15,Thursday,R107,253
20:15,Thursday,R108,269
20:15,Thursday,R109,440
20:15,Thursday,R110,449
20:15,Thursday,R111,295
20:15,Thursday,R112,545
20:30,Thursday,R101,509
20:30,Thursday,R102,392
20:30,Thursday,R103,535
20:30,Thursday,R104,338
20:30,Thursday,R105,283
20:30,Thursday,R106,220
20:30,Thursday,R107,205
20:30,Thursday,R108,216
20:30,Thursday,R109,358
20:30,Thursday,R110,431
20:30,Thursday,R111,248
20:30,Thursday,R112,442
20:45,Thursday,R101,500
20:45,Thursday,R102,340
20:45,Thursday,R103,478
20:45,Thursday,R104,280
20:45,Thursday,R105,261
20:45,Thursday,R106,174
20:45,Thursday,R107,157
20:45,Thursday,R108,199
20:45,Thursday,R109,324
20:45,Thursday,R110,391
20:45,Thursday,R111,247
20:45,Thursday,R112,421
21:00,Thursday,R101,402
21:00,Thursday,R102,263
21:00,Thursday,R103,410
21:00,Thursday,R104,247
21:00,Thursday,R105,261
21:00,Thursday,R106,193
21:00,Thursday,R107,180
21:00,Thursday,R108,191
21:00,Thursday,R109,287
21:00,Thursday,R110,321
21:00,Thursday,R111,221
21:00,Thursday,R112,356
21:15,Thursday,R101,364
21:15,Thursday,R102,280
21:15,Thursday,R103,311
21:15,Thursday,R104,235
21:15,Thursday,R105,205
21:15,Thursday,R106,172
21:15,Thursday,R107,133
21:15,Thursday,R108,155
21:15,Thursday,R109,224
21:15,Thursday,R110,239
21:15,Thursday,R111,191
21:15,Thursday,R112,293
21:30,Thursday,R101,368
21:30,Thursday,R102,239
21:30,Thursday,R103,324
21:30,Thursday,R104,165
21:30,Thursday,R105,203
21:30,Thursday,R106,141
21:30,Thursday,R107,162
21:30,Thursday,R108,171
21:30,Thursday,R109,183
21:30,Thursday,R110,285
21:30,Thursday,R111,112
21:30,Thursday,R112,251
21:45,Thursday,R101,301
21:45,Thursday,R102,190
21:45,Thursday,R103,253
21:45,Thursday,R104,185
21:45,Thursday,R105,200
21:45,Thursday,R106,152
21:45,Thursday,R107,149
21:45,Thursday,R108,126
21:45,Thursday,R109,205
21:45,Thursday,R110,242
21:45,Thursday,R111,126
21:45,Thursday,R112,289
22:00,Thursday,R101,296
22:00,Thursday,R102,190
22:00,Thursday,R103,273
22:00,Thursday,R104,142
22:00,Thursday,R105,187
22:00,Thursday,R106,145
22:00,Thursday,R107,134
22:00,Thursday,R108,91
22:00,Thursday,R109,166
22:00,Thursday,R110,261
22:00,Thursday,R111,162
22:00,Thursday,R112,302
22:15,Thursday,R101,331
22:15,Thursday,R102,234
22:15,Thursday,R103,233
22:15,Thursday,R104,178
22:15,Thursday,R105,191
22:15,Thursday,R106,119
22:15,Thursday,R107,125
22:15,Thursday,R108,133
22:15,Thursday,R109,184
22:15,Thursday,R110,206
22:15,Thursday,R111,163
22:15,Thursday,R112,226
22:30,Thursday,R101,301
22:30,Thursday,R102,194
22:30,Thursday,R103,256
22:30,Thursday,R104,174
22:30,Thursday,R105,162
22:30,Thursday,R106,179
22:30,Thursday,R107,80
22:30,Thursday,R108,92
22:30,Thursday,R109,176
22:30,Thursday,R110,238
22:30,Thursday,R111,139
22:30,Thursday,R112,235
22:45,Thursday,R101,302
22:45,Thursday,R102,193
22:45,Thursday,R103,292
22:45,Thursday,R104,173
22:45,Thursday,R105,208
22:45,Thursday,R106,104
22:45,Thursday,R107,115
22:45,Thursday,R108,98
22:45,Thursday,R109,139
22:45,Thursday,R110,230
22:45,Thursday,R111,126
22:45,Thursday,R112,250
23:00,Thursday,R101,262
23:00,Thursday,R102,240
23:00,Thursday,R103,233
23:00,Thursday,R104,156
23:00,Thursday,R105,205
23:00,Thursday,R106,113
23:00,Thursday,R107,137
23:00,Thursday,R108,80
23:00,Thursday,R109,199
23:00,Thursday,R110,220
23:00,Thursday,R111,124
23:00,Thursday,R112,224
23:15,Thursday,R101,308
23:15,Thursday,R102,181
23:15,Thursday,R103,235
23:15,Thursday,R104,144
23:15,Thursday,R105,155
23:15,Thursday,R106,172
23:15,Thursday,R107,101
23:15,Thursday,R108,124
23:15,Thursday,R109,167
23:15,Thursday,R110,194
23:15,Thursday,R111,138
23:15,Thursday,R112,250
23:30,Thursday,R101,282
23:30,Thursday,R102,225
23:30,Thursday,R103,278
23:30,Thursday,R104,172
23:30,Thursday,R105,172
23:30,Thursday,R106,99
23:30,Thursday,R107,99
23:30,Thursday,R108,108
23:30,Thursday,R109,174
23:30,Thursday,R110,164
23:30,Thursday,R111,138
23:30,Thursday,R112,234
23:45,Thursday,R101,280
23:45,Thursday,R102,227
23:45,Thursday,R103,263
23:45,Thursday,R104,182
23:45,Thursday,R105,178
23:45,Thursday,R106,149
23:45,Thursday,R107,155
23:45,Thursday,R108,136
23:45,Thursday,R109,133
23:45,Thursday,R110,211
23:45,Thursday,R111,129
23:45,Thursday,R112,241
00:00,Friday,R101,320
00:00,Friday,R102,185
00:00,Friday,R103,268
00:00,Friday,R104,107
00:00,Friday,R105,230
00:00,Friday,R106,120
00:00,Friday,R107,122
00:00,Friday,R108,101
00:00,Friday,R109,198
00:00,Friday,R110,159
00:00,Friday,R111,145
00:00,Friday,R112,239
00:15,Friday,R101,291
00:15,Friday,R102,249
00:15,Friday,R103,244
00:15,Friday,R104,177
00:15,Friday,R105,203
00:15,Friday,R106,165
00:15,Friday,R107,104
00:15,Friday,R108,91
00:15,Friday,R109,197
00:15,Friday,R110,241
00:15,Friday,R111,107
00:15,Friday,R112,229
00:30,Friday,R101,312
00:30,Friday,R102,227
00:30,Friday,R103,249
00:30,Friday,R104,84
00:30,Friday,R105,207
00:30,Friday,R106,103
00:30,Friday,R107,80
00:30,Friday,R108,80
00:30,Friday,R109,190
00:30,Friday,R110,233
00:30,Friday,R111,140
00:30,Friday,R112,277
00:45,Friday,R101,318
00:45,Friday,R102,246
00:45,Friday,R103,231
00:45,Friday,R104,156
00:45,Friday,R105,153
00:45,Friday,R106,127
00:45,Friday,R107,115
00:45,Friday,R108,125
00:45,Friday,R109,171
00:45,Friday,R110,245
00:45,Friday,R111,163
00:45,Friday,R112,296
01:00,Friday,R101,295
01:00,Friday,R102,182
01:00,Friday,R103,272
01:00,Friday,R104,137
01:00,Friday,R105,231
01:00,Friday,R106,126
01:00,Friday,R107,107
01:00,Friday,R108,97
01:00,Friday,R109,187
01:00,Friday,R110,226
01:00,Friday,R111,129
01:00,Friday,R112,284
01:15,Friday,R101,281
01:15,Friday,R102,207
01:15,Friday,R103,283
01:15,Friday,R104,117
01:15,Friday,R105,206
01:15,Friday,R106,107
01:15,Friday,R107,142
01:15,Friday,R108,85
01:15,Friday,R109,187
01:15,Friday,R110,258
01:15,Friday,R111,167
01:15,Friday,R112,248
01:30,Friday,R101,297
01:30,Friday,R102,191
01:30,Friday,R103,303
01:30,Friday,R104,140
01:30,Friday,R105,168
01:30,Friday,R106,150
01:30,Friday,R107,101
01:30,Friday,R108,85
01:30,Friday,R109,133
01:30,Friday,R110,218
01:30,Friday,R111,143
01:30,Friday,R112,248
01:45,Friday,R101,326
01:45,Friday,R102,219
01:45,Friday,R103,261
01:45,Friday,R104,152
01:45,Friday,R105,206
01:45,Friday,R106,165
01:45,Friday,R107,124
01:45,Friday,R108,97
01:45,Friday,R109,145
01:45,Friday,R110,194
01:45,Friday,R111,162
01:45,Friday,R112,256
02:00,Friday,R101,317
02:00,Friday,R102,202
02:00,Friday,R103,301
02:00,Friday,R104,145
02:00,Friday,R105,217
02:00,Friday,R106,132
02:00,Friday,R107,106
02:00,Friday,R108,124
02:00,Friday,R109,180
02:00,Friday,R110,239
02:00,Friday,R111,147
02:00,Friday,R112,241
02:15,Friday,R101,362
02:15,Friday,R102,235
02:15,Friday,R103,284
02:15,Friday,R104,160
02:15,Friday,R105,219
02:15,Friday,R106,146
02:15,Friday,R107,122
02:15,Friday,R108,101
02:15,Friday,R109,167
02:15,Friday,R110,151
02:15,Friday,R111,150
02:15,Friday,R112,230
02:30,Friday,R101,342
02:30,Friday,R102,206
02:30,Friday,R103,236
02:30,Friday,R104,156
02:30,Friday,R105,167
02:30,Friday,R106,145
02:30,Friday,R107,128
02:30,Friday,R108,133
02:30,Friday,R109,150
02:30,Friday,R110,231
02:30,Friday,R111,111
02:30,Friday,R112,260
02:45,Friday,R101,315
02:45,Friday,R102,218
02:45,Friday,R103,266
02:45,Friday,R104,168
02:45,Friday,R105,234
02:45,Friday,R106,126
02:45,Friday,R107,124
02:45,Friday,R108,82
02:45,Friday,R109,148
02:45,Friday,R110,232
02:45,Friday,R111,173
02:45,Friday,R112,236
03:00,Friday,R101,297
03:00,Friday,R102,196
03:00,Friday,R103,253
03:00,Friday,R104,165
03:00,Friday,R105,156
03:00,Friday,R106,165
03:00,Friday,R107,104
03:00,Friday,R108,127
03:00,Friday,R109,138
03:00,Friday,R110,247
03:00,Friday,R111,162
03:00,Friday,R112,252
03:15,Friday,R101,278
03:15,Friday,R102,212
03:15,Friday,R103,237
03:15,Friday,R104,151
03:15,Friday,R105,219
03:15,Friday,R106,153
03:15,Friday,R107,121
03:15,Friday,R108,85
03:15,Friday,R109,186
03:15,Friday,R110,230
03:15,Friday,R111,87
03:15,Friday,R112,262
03:30,Friday,R101,302
03:30,Friday,R102,236
03:30,Friday,R103,239
03:30,Friday,R104,80
03:30,Friday,R105,201
03:30,Friday,R106,140
03:30,Friday,R107,80
03:30,Friday,R108,84
03:30,Friday,R109,238
03:30,Friday,R110,222
03:30,Friday,R111,163
03:30,Friday,R112,226
03:45,Friday,R101,250
03:45,Friday,R102,201
03:45,Friday,R103,260
03:45,Friday,R104,147
03:45,Friday,R105,191
03:45,Friday,R106,140
03:45,Friday,R107,117
03:45,Friday,R108,80
03:45,Friday,R109,182
03:45,Friday,R110,181
03:45,Friday,R111,94
03:45,Friday,R112,261
04:00,Friday,R101,315
04:00,Friday,R102,204
04:00,Friday,R103,231
04:00,Friday,R104,140
04:00,Friday,R105,187
04:00,Friday,R106,93
04:00,Friday,R107,103
04:00,Friday,R108,125
04:00,Friday,R109,205
04:00,Friday,R110,219
04:00,Friday,R111,164
04:00,Friday,R112,194
04:15,Friday,R101,319
04:15,Friday,R102,186
04:15,Friday,R103,274
04:15,Friday,R104,151
04:15,Friday,R105,227
04:15,Friday,R106,111
04:15,Friday,R107,137
04:15,Friday,R108,102
04:15,Friday,R109,166
04:15,Friday,R110,225
04:15,Friday,R111,124
04:15,Friday,R112,242
04:30,Friday,R101,301
04:30,Friday,R102,212
04:30,Friday,R103,269
04:30,Friday,R104,178
04:30,Friday,R105,217
04:30,Friday,R106,107
04:30,Friday,R107,143
04:30,Friday,R108,80
04:30,Friday,R109,184
04:30,Friday,R110,246
04:30,Friday,R111,98
04:30,Friday,R112,245
04:45,Friday,R101,292
04:45,Friday,R102,187
04:45,Friday,R103,301
04:45,Friday,R104,141
04:45,Friday,R105,174
04:45,Friday,R106,135
04:45,Friday,R107,138
04:45,Friday,R108,106
04:45,Friday,R109,199
04:45,Friday,R110,244
04:45,Friday,R111,91
04:45,Friday,R112,229
05:00,Friday,R101,290
05:00,Friday,R102,219
05:00,Friday,R103,202
05:00,Friday,R104,222
05:00,Friday,R105,208
05:00,Friday,R106,138
05:00,Friday,R107,151
05:00,Friday,R108,168
05:00,Friday,R109,192
05:00,Friday,R110,255
05:00,Friday,R111,149
05:00,Friday,R112,240
05:15,Friday,R101,294
05:15,Friday,R102,187
05:15,Friday,R103,252
05:15,Friday,R104,126
05:15,Friday,R105,194
05:15,Friday,R106,92
05:15,Friday,R107,127
05:15,Friday,R108,109
05:15,Friday,R109,175
05:15,Friday,R110,219
05:15,Friday,R111,224
05:15,Friday,R112,279
05:30,Friday,R101,277
05:30,Friday,R102,216
05:30,Friday,R103,257
05:30,Friday,R104,136
05:30,Friday,R105,164
05:30,Friday,R106,147
05:30,Friday,R107,107
05:30,Friday,R108,136
05:30,Friday,R109,199
05:30,Friday,R110,268
05:30,Friday,R111,127
05:30,Friday,R112,259
05:45,Friday,R101,329
05:45,Friday,R102,202
05:45,Friday,R103,258
05:45,Friday,R104,205
05:45,Friday,R105,206
05:45,Friday,R106,154
05:45,Friday,R107,105
05:45,Friday,R108,83
05:45,Friday,R109,163
05:45,Friday,R110,234
05:45,Friday,R111,124
05:45,Friday,R112,251
06:00,Friday,R101,279
06:00,Friday,R102,192
06:00,Friday,R103,303
06:00,Friday,R104,185
06:00,Friday,R105,195
06:00,Friday,R106,116
06:00,Friday,R107,104
06:00,Friday,R108,108
06:00,Friday,R109,199
06:00,Friday,R110,266
06:00,Friday,R111,142
06:00,Friday,R112,230
06:15,Friday,R101,342
06:15,Friday,R102,209
06:15,Friday,R103,287
06:15,Friday,R104,212
06:15,Friday,R105,233
06:15,Friday,R106,151
06:15,Friday,R107,103
06:15,Friday,R108,128
06:15,Friday,R109,219
06:15,Friday,R110,243
06:15,Friday,R111,195
06:15,Friday,R112,303
06:30,Friday,R101,398
06:30,Friday,R102,253
06:30,Friday,R103,337
06:30,Friday,R104,229
06:30,Friday,R105,236
06:30,Friday,R106,144
06:30,Friday,R107,133
06:30,Friday,R108,138
06:30,Friday,R109,176
06:30,Friday,R110,263
06:30,Friday,R111,198
06:30,Friday,R112,234
06:45,Friday,R101,426
06:45,Friday,R102,297
06:45,Friday,R103,344
06:45,Friday,R104,228
06:45,Friday,R105,243
06:45,Friday,R106,201
06:45,Friday,R107,183
06:45,Friday,R108,110
06:45,Friday,R109,245
06:45,Friday,R110,283
06:45,Friday,R111,188
06:45,Friday,R112,298
07:00,Friday,R101,477
07:00,Friday,R102,329
07:00,Friday,R103,385
07:00,Friday,R104,211
07:00,Friday,R105,259
07:00,Friday,R106,201
07:00,Friday,R107,184
07:00,Friday,R108,196
07:00,Friday,R109,283
07:00,Friday,R110,344
07:00,Friday,R111,216
07:00,Friday,R112,322
07:15,Friday,R101,491
07:15,Friday,R102,376
07:15,Friday,R103,468
07:15,Friday,R104,300
07:15,Friday,R105,298
07:15,Friday,R106,192
07:15,Friday,R107,203
07:15,Friday,R108,200
07:15,Friday,R109,293
07:15,Friday,R110,357
07:15,Friday,R111,215
07:15,Friday,R112,440
07:30,Friday,R101,572
07:30,Friday,R102,449
07:30,Friday,R103,596
07:30,Friday,R104,341
07:30,Friday,R105,329
07:30,Friday,R106,203
07:30,Friday,R107,206
07:30,Friday,R108,194
07:30,Friday,R109,404
07:30,Friday,R110,423
07:30,Friday,R111,288
07:30,Friday,R112,430
07:45,Friday,R101,650
07:45,Friday,R102,514
07:45,Friday,R103,678
07:45,Friday,R104,411
07:45,Friday,R105,430
07:45,Friday,R106,343
07:45,Friday,R107,284
07:45,Friday,R108,276
07:45,Friday,R109,452
07:45,Friday,R110,554
07:45,Friday,R111,277
07:45,Friday,R112,597
08:00,Friday,R101,812
08:00,Friday,R102,604
08:00,Friday,R103,782
08:00,Friday,R104,501
08:00,Friday,R105,509
08:00,Friday,R106,437
08:00,Friday,R107,367
08:00,Friday,R108,308
08:00,Friday,R109,530
08:00,Friday,R110,571
08:00,Friday,R111,347
08:00,Friday,R112,683
08:15,Friday,R101,999
08:15,Friday,R102,661
08:15,Friday,R103,1010
08:15,Friday,R104,616
08:15,Friday,R105,559
08:15,Friday,R106,422
08:15,Friday,R107,453
08:15,Friday,R108,413
08:15,Friday,R109,650
08:15,Friday,R110,679
08:15,Friday,R111,466
08:15,Friday,R112,806
08:30,Friday,R101,1026
08:30,Friday,R102,901
08:30,Friday,R103,1146
08:30,Friday,R104,727
08:30,Friday,R105,672
08:30,Friday,R106,480
08:30,Friday,R107,481
08:30,Friday,R108,426
08:30,Friday,R109,848
08:30,Friday,R110,756
08:30,Friday,R111,518
08:30,Friday,R112,952
08:45,Friday,R101,1382
08:45,Friday,R102,955
08:45,Friday,R103,1246
08:45,Friday,R104,877
08:45,Friday,R105,799
08:45,Friday,R106,589
08:45,Friday,R107,579
08:45,Friday,R108,600
08:45,Friday,R109,982
08:45,Friday,R110,891
08:45,Friday,R111,673
08:45,Friday,R112,1142
09:00,Friday,R101,1507
09:00,Friday,R102,997
09:00,Friday,R103,1484
09:00,Friday,R104,908
09:00,Friday,R105,903
09:00,Friday,R106,680
09:00,Friday,R107,575
09:00,Friday,R108,611
09:00,Friday,R109,1066
09:00,Friday,R110,1025
09:00,Friday,R111,730
09:00,Friday,R112,1289
09:15,Friday,R101,1648
09:15,Friday,R102,1176
09:15,Friday,R103,1562
09:15,Friday,R104,990
09:15,Friday,R105,988
09:15,Friday,R106,715
09:15,Friday,R107,696
09:15,Friday,R108,663
09:15,Friday,R109,1107
09:15,Friday,R110,1190
09:15,Friday,R111,767
09:15,Friday,R112,1316
09:30,Friday,R101,1799
09:30,Friday,R102,1266
09:30,Friday,R103,1779
09:30,Friday,R104,1203
09:30,Friday,R105,1025
09:30,Friday,R106,776
09:30,Friday,R107,712
09:30,Friday,R108,719
09:30,Friday,R109,1241
09:30,Friday,R110,1133
09:30,Friday,R111,843
09:30,Friday,R112,1511
09:45,Friday,R101,1820
09:45,Friday,R102,1397
09:45,Friday,R103,1884
09:45,Friday,R104,1251
09:45,Friday,R105,1022
09:45,Friday,R106,804
09:45,Friday,R107,788
09:45,Friday,R108,723
09:45,Friday,R109,1317
09:45,Friday,R110,1403
09:45,Friday,R111,871
09:45,Friday,R112,1606
10:00,Friday,R101,1850
10:00,Friday,R102,1311
10:00,Friday,R103,1729
10:00,Friday,R104,1152
10:00,Friday,R105,1017
10:00,Friday,R106,873
10:00,Friday,R107,793
10:00,Friday,R108,758
10:00,Friday,R109,1333
10:00,Friday,R110,1223
10:00,Friday,R111,854
10:00,Friday,R112,1598
10:15,Friday,R101,1901
10:15,Friday,R102,1365
10:15,Friday,R103,1877
10:15,Friday,R104,1177
10:15,Friday,R105,1089
10:15,Friday,R106,807
10:15,Friday,R107,749
10:15,Friday,R108,761
10:15,Friday,R109,1202
10:15,Friday,R110,1275
10:15,Friday,R111,853
10:15,Friday,R112,1750
10:30,Friday,R101,1738
10:30,Friday,R102,1197
10:30,Friday,R103,1766
10:30,Friday,R104,1148
10:30,Friday,R105,1103
10:30,Friday,R106,746
10:30,Friday,R107,698
10:30,Friday,R108,753
10:30,Friday,R109,1133
10:30,Friday,R110,1194
10:30,Friday,R111,826
10:30,Friday,R112,1499
10:45,Friday,R101,1673
10:45,Friday,R102,1154
10:45,Friday,R103,1632
10:45,Friday,R104,1042
10:45,Friday,R105,964
10:45,Friday,R106,717
10:45,Friday,R107,714
10:45,Friday,R108,702
10:45,Friday,R109,1143
10:45,Friday,R110,1160
10:45,Friday,R111,724
10:45,Friday,R112,1403
11:00,Friday,R101,1506
11:00,Friday,R102,1114
11:00,Friday,R103,1449
11:00,Friday,R104,915
11:00,Friday,R105,848
11:00,Friday,R106,664
11:00,Friday,R107,664
11:00,Friday,R108,601
11:00,Friday,R109,1056
11:00,Friday,R110,1040
11:00,Friday,R111,703
11:00,Friday,R112,1257
11:15,Friday,R101,1350
11:15,Friday,R102,968
11:15,Friday,R103,1455
11:15,Friday,R104,799
11:15,Friday,R105,792
11:15,Friday,R106,561
11:15,Friday,R107,539
11:15,Friday,R108,540
11:15,Friday,R109,900
11:15,Friday,R110,1040
11:15,Friday,R111,622
11:15,Friday,R112,1066
11:30,Friday,R101,1148
11:30,Friday,R102,749
11:30,Friday,R103,1135
11:30,Friday,R104,716
11:30,Friday,R105,699
11:30,Friday,R106,524
11:30,Friday,R107,473
11:30,Friday,R108,462
11:30,Friday,R109,744
11:30,Friday,R110,761
11:30,Friday,R111,552
11:30,Friday,R112,916
11:45,Friday,R101,951
11:45,Friday,R102,671
11:45,Friday,R103,990
11:45,Friday,R104,653
11:45,Friday,R105,545
11:45,Friday,R106,380
11:45,Friday,R107,410
11:45,Friday,R108,396
11:45,Friday,R109,657
11:45,Friday,R110,674
11:45,Friday,R111,460
11:45,Friday,R112,841
12:00,Friday,R101,858
12:00,Friday,R102,539
12:00,Friday,R103,796
12:00,Friday,R104,510
12:00,Friday,R105,470
12:00,Friday,R106,404
12:00,Friday,R107,332
12:00,Friday,R108,330
12:00,Friday,R109,557
12:00,Friday,R110,570
12:00,Friday,R111,347
12:00,Friday,R112,682
12:15,Friday,R101,724
12:15,Friday,R102,488
12:15,Friday,R103,650
12:15,Friday,R104,442
12:15,Friday,R105,411
12:15,Friday,R106,292
12:15,Friday,R107,296
12:15,Friday,R108,296
12:15,Friday,R109,510
12:15,Friday,R110,518
12:15,Friday,R111,361
12:15,Friday,R112,571
12:30,Friday,R101,562
12:30,Friday,R102,421
12:30,Friday,R103,570
12:30,Friday,R104,323
12:30,Friday,R105,355
12:30,Friday,R106,269
12:30,Friday,R107,256
12:30,Friday,R108,245
12:30,Friday,R109,384
12:30,Friday,R110,414
12:30,Friday,R111,270
12:30,Friday,R112,464
12:45,Friday,R101,557
12:45,Friday,R102,362
12:45,Friday,R103,481
12:45,Friday,R104,275
12:45,Friday,R105,388
12:45,Friday,R106,199
12:45,Friday,R107,202
12:45,Friday,R108,209
12:45,Friday,R109,336
12:45,Friday,R110,398
12:45,Friday,R111,291
12:45,Friday,R112,439
13:00,Friday,R101,433
13:00,Friday,R102,316
13:00,Friday,R103,438
13:00,Friday,R104,314
13:00,Friday,R105,249
13:00,Friday,R106,232
13:00,Friday,R107,194
13:00,Friday,R108,197
13:00,Friday,R109,280
13:00,Friday,R110,316
13:00,Friday,R111,239
13:00,Friday,R112,396
13:15,Friday,R101,453
13:15,Friday,R102,299
13:15,Friday,R103,384
13:15,Friday,R104,203
13:15,Friday,R105,287
13:15,Friday,R106,199
13:15,Friday,R107,152
13:15,Friday,R108,150
13:15,Friday,R109,249
13:15,Friday,R110,279
13:15,Friday,R111,185
13:15,Friday,R112,324
13:30,Friday,R101,409
13:30,Friday,R102,274
13:30,Friday,R103,348
13:30,Friday,R104,286
13:30,Friday,R105,292
13:30,Friday,R106,165
13:30,Friday,R107,179
13:30,Friday,R108,169
13:30,Friday,R109,283
13:30,Friday,R110,290
13:30,Friday,R111,229
13:30,Friday,R112,331
13:45,Friday,R101,396
13:45,Friday,R102,319
13:45,Friday,R103,432
13:45,Friday,R104,307
13:45,Friday,R105,237
13:45,Friday,R106,207
13:45,Friday,R107,167
13:45,Friday,R108,183
13:45,Friday,R109,225
13:45,Friday,R110,286
13:45,Friday,R111,187
13:45,Friday,R112,356
14:00,Friday,R101,444
14:00,Friday,R102,339
14:00,Friday,R103,457
14:00,Friday,R104,278
14:00,Friday,R105,325
14:00,Friday,R106,213
14:00,Friday,R107,160
14:00,Friday,R108,211
14:00,Friday,R109,268
14:00,Friday,R110,361
14:00,Friday,R111,260
14:00,Friday,R112,391
14:15,Friday,R101,472
14:15,Friday,R102,337
14:15,Friday,R103,517
14:15,Friday,R104,292
14:15,Friday,R105,315
14:15,Friday,R106,243
14:15,Friday,R107,229
14:15,Friday,R108,205
14:15,Friday,R109,314
14:15,Friday,R110,364
14:15,Friday,R111,266
14:15,Friday,R112,438
14:30,Friday,R101,574
14:30,Friday,R102,440
14:30,Friday,R103,555
14:30,Friday,R104,322
14:30,Friday,R105,335
14:30,Friday,R106,231
14:30,Friday,R107,236
14:30,Friday,R108,259
14:30,Friday,R109,350
14:30,Friday,R110,425
14:30,Friday,R111,262
14:30,Friday,R112,479
14:45,Friday,R101,627
14:45,Friday,R102,476
14:45,Friday,R103,649
14:45,Friday,R104,419
14:45,Friday,R105,413
14:45,Friday,R106,266
14:45,Friday,R107,310
14:45,Friday,R108,273
14:45,Friday,R109,441
14:45,Friday,R110,484
14:45,Friday,R111,310
14:45,Friday,R112,572
15:00,Friday,R101,803
15:00,Friday,R102,522
15:00,Friday,R103,755
15:00,Friday,R104,475
15:00,Friday,R105,480
15:00,Friday,R106,376
15:00,Friday,R107,314
15:00,Friday,R108,304
15:00,Friday,R109,506
15:00,Friday,R110,542
15:00,Friday,R111,369
15:00,Friday,R112,689
15:15,Friday,R101,876
15:15,Friday,R102,679
15:15,Friday,R103,844
15:15,Friday,R104,557
15:15,Friday,R105,543
15:15,Friday,R106,447
15:15,Friday,R107,385
15:15,Friday,R108,319
15:15,Friday,R109,560
15:15,Friday,R110,655
15:15,Friday,R111,457
15:15,Friday,R112,797
15:30,Friday,R101,1080
15:30,Friday,R102,820
15:30,Friday,R103,1048
15:30,Friday,R104,700
15:30,Friday,R105,592
15:30,Friday,R106,449
15:30,Friday,R107,413
15:30,Friday,R108,433
15:30,Friday,R109,724
15:30,Friday,R110,762
15:30,Friday,R111,516
15:30,Friday,R112,879
15:45,Friday,R101,1227
15:45,Friday,R102,842
15:45,Friday,R103,1325
15:45,Friday,R104,774
15:45,Friday,R105,718
15:45,Friday,R106,584
15:45,Friday,R107,500
15:45,Friday,R108,482
15:45,Friday,R109,803
15:45,Friday,R110,870
15:45,Friday,R111,606
15:45,Friday,R112,1098
16:00,Friday,R101,1573
16:00,Friday,R102,927
16:00,Friday,R103,1468
16:00,Friday,R104,877
16:00,Friday,R105,812
16:00,Friday,R106,603
16:00,Friday,R107,582
16:00,Friday,R108,629
16:00,Friday,R109,1006
16:00,Friday,R110,992
16:00,Friday,R111,718
16:00,Friday,R112,1131
16:15,Friday,R101,1486
16:15,Friday,R102,1045
16:15,Friday,R103,1557
16:15,Friday,R104,1021
16:15,Friday,R105,937
16:15,Friday,R106,700
16:15,Friday,R107,638
16:15,Friday,R108,681
16:15,Friday,R109,1104
16:15,Friday,R110,1144
16:15,Friday,R111,694
16:15,Friday,R112,1382
16:30,Friday,R101,1646
16:30,Friday,R102,1254
16:30,Friday,R103,1817
16:30,Friday,R104,1125
16:30,Friday,R105,985
16:30,Friday,R106,765
16:30,Friday,R107,699
16:30,Friday,R108,763
16:30,Friday,R109,1195
16:30,Friday,R110,1278
16:30,Friday,R111,815
16:30,Friday,R112,1467
16:45,Friday,R101,1812
16:45,Friday,R102,1433
16:45,Friday,R103,1857
16:45,Friday,R104,1247
16:45,Friday,R105,1085
16:45,Friday,R106,752
16:45,Friday,R107,790
16:45,Friday,R108,743
16:45,Friday,R109,1307
16:45,Friday,R110,1240
16:45,Friday,R111,938
16:45,Friday,R112,1616
17:00,Friday,R101,1966
17:00,Friday,R102,1501
17:00,Friday,R103,2117
17:00,Friday,R104,1282
17:00,Friday,R105,1124
17:00,Friday,R106,802
17:00,Friday,R107,831
17:00,Friday,R108,807
17:00,Friday,R109,1388
17:00,Friday,R110,1362
17:00,Friday,R111,981
17:00,Friday,R112,1668
17:15,Friday,R101,2043
17:15,Friday,R102,1588
17:15,Friday,R103,2131
17:15,Friday,R104,1324
17:15,Friday,R105,1171
17:15,Friday,R106,876
17:15,Friday,R107,853
17:15,Friday,R108,838
17:15,Friday,R109,1479
17:15,Friday,R110,1415
17:15,Friday,R111,924
17:15,Friday,R112,1915
17:30,Friday,R101,2101
17:30,Friday,R102,1428
17:30,Friday,R103,2081
17:30,Friday,R104,1350
17:30,Friday,R105,1310
17:30,Friday,R106,866
17:30,Friday,R107,936
17:30,Friday,R108,923
17:30,Friday,R109,1406
17:30,Friday,R110,1427
17:30,Friday,R111,948
17:30,Friday,R112,1777
17:45,Friday,R101,2045
17:45,Friday,R102,1552
17:45,Friday,R103,2202
17:45,Friday,R104,1283
17:45,Friday,R105,1097
17:45,Friday,R106,901
17:45,Friday,R107,898
17:45,Friday,R108,868
17:45,Friday,R109,1409
17:45,Friday,R110,1437
17:45,Friday,R111,1050
17:45,Friday,R112,1804
18:00,Friday,R101,1948
18:00,Friday,R102,1425
18:00,Friday,R103,2013
18:00,Friday,R104,1378
18:00,Friday,R105,1155
18:00,Friday,R106,871
18:00,Friday,R107,839
18:00,Friday,R108,871
18:00,Friday,R109,1504
18:00,Friday,R110,1411
18:00,Friday,R111,955
18:00,Friday,R112,1718
18:15,Friday,R101,1675
18:15,Friday,R102,1425
18:15,Friday,R103,1929
18:15,Friday,R104,1235
18:15,Friday,R105,1068
18:15,Friday,R106,811
18:15,Friday,R107,796
18:15,Friday,R108,821
18:15,Friday,R109,1283
18:15,Friday,R110,1433
18:15,Friday,R111,918
18:15,Friday,R112,1529
18:30,Friday,R101,1729
18:30,Friday,R102,1239
18:30,Friday,R103,1599
18:30,Friday,R104,1201
18:30,Friday,R105,1057
18:30,Friday,R106,784
18:30,Friday,R107,757
18:30,Friday,R108,681
18:30,Friday,R109,1180
18:30,Friday,R110,1263
18:30,Friday,R111,795
18:30,Friday,R112,1331
18:45,Friday,R101,1564
18:45,Friday,R102,1151
18:45,Friday,R103,1617
18:45,Friday,R104,1047
18:45,Friday,R105,959
18:45,Friday,R106,703
18:45,Friday,R107,718
18:45,Friday,R108,613
18:45,Friday,R109,1117
18:45,Friday,R110,1139
18:45,Friday,R111,716
18:45,Friday,R112,1271
19:00,Friday,R101,1363
19:00,Friday,R102,1001
19:00,Friday,R103,1477
19:00,Friday,R104,875
19:00,Friday,R105,802
19:00,Friday,R106,603
19:00,Friday,R107,637
19:00,Friday,R108,585
19:00,Friday,R109,961
19:00,Friday,R110,986
19:00,Friday,R111,716
19:00,Friday,R112,1173
19:15,Friday,R101,1311
19:15,Friday,R102,911
19:15,Friday,R103,1239
19:15,Friday,R104,872
19:15,Friday,R105,700
19:15,Friday,R106,536
19:15,Friday,R107,500
19:15,Friday,R108,534
19:15,Friday,R109,909
19:15,Friday,R110,938
19:15,Friday,R111,627
19:15,Friday,R112,1053
19:30,Friday,R101,1054
19:30,Friday,R102,721
19:30,Friday,R103,1172
19:30,Friday,R104,687
19:30,Friday,R105,624
19:30,Friday,R106,505
19:30,Friday,R107,434
19:30,Friday,R108,449
19:30,Friday,R109,719
19:30,Friday,R110,780
19:30,Friday,R111,513
19:30,Friday,R112,857
19:45,Friday,R101,922
19:45,Friday,R102,697
19:45,Friday,R103,912
19:45,Friday,R104,591
19:45,Friday,R105,524
19:45,Friday,R106,404
19:45,Friday,R107,376
19:45,Friday,R108,392
19:45,Friday,R109,616
19:45,Friday,R110,674
19:45,Friday,R111,468
19:45,Friday,R112,807
20:00,Friday,R101,794
20:00,Friday,R102,539
20:00,Friday,R103,772
20:00,Friday,R104,467
20:00,Friday,R105,464
20:00,Friday,R106,336
20:00,Friday,R107,308
20:00,Friday,R108,267
20:00,Friday,R109,500
20:00,Friday,R110,566
20:00,Friday,R111,343
20:00,Friday,R112,665
20:15,Friday,R101,726
20:15,Friday,R102,505
20:15,Friday,R103,699
20:15,Friday,R104,413
20:15,Friday,R105,435
20:15,Friday,R106,276
20:15,Friday,R107,266
20:15,Friday,R108,198
20:15,Friday,R109,464
20:15,Friday,R110,520
20:15,Friday,R111,307
20:15,Friday,R112,557
20:30,Friday,R101,555
20:30,Friday,R102,418
20:30,Friday,R103,580
20:30,Friday,R104,296
20:30,Friday,R105,361
20:30,Friday,R106,246
20:30,Friday,R107,243
20:30,Friday,R108,237
20:30,Friday,R109,361
20:30,Friday,R110,414
20:30,Friday,R111,270
20:30,Friday,R112,505
20:45,Friday,R101,509
20:45,Friday,R102,358
20:45,Friday,R103,441
20:45,Friday,R104,279
20:45,Friday,R105,330
20:45,Friday,R106,220
20:45,Friday,R107,224
20:45,Friday,R108,237
20:45,Friday,R109,337
20:45,Friday,R110,367
20:45,Friday,R111,227
20:45,Friday,R112,350
21:00,Friday,R101,436
21:00,Friday,R102,301
21:00,Friday,R103,421
21:00,Friday,R104,246
21:00,Friday,R105,266
21:00,Friday,R106,149
21:00,Friday,R107,158
21:00,Friday,R108,180
21:00,Friday,R109,312
21:00,Friday,R110,322
21:00,Friday,R111,220
21:00,Friday,R112,387
21:15,Friday,R101,377
21:15,Friday,R102,286
21:15,Friday,R103,347
21:15,Friday,R104,242
21:15,Friday,R105,252
21:15,Friday,R106,182
21:15,Friday,R107,143
21:15,Friday,R108,167
21:15,Friday,R109,290
21:15,Friday,R110,270
21:15,Friday,R111,182
21:15,Friday,R112,331
21:30,Friday,R101,385
21:30,Friday,R102,239
21:30,Friday,R103,262
21:30,Friday,R104,234
21:30,Friday,R105,249
21:30,Friday,R106,117
21:30,Friday,R107,134
21:30,Friday,R108,175
21:30,Friday,R109,251
21:30,Friday,R110,297
21:30,Friday,R111,171
21:30,Friday,R112,300
21:45,Friday,R101,340
21:45,Friday,R102,265
21:45,Friday,R103,288
21:45,Friday,R104,165
21:45,Friday,R105,243
21:45,Friday,R106,150
21:45,Friday,R107,174
21:45,Friday,R108,110
21:45,Friday,R109,198
21:45,Friday,R110,235
21:45,Friday,R111,165
21:45,Friday,R112,241
22:00,Friday,R101,316
22:00,Friday,R102,189
22:00,Friday,R103,311
22:00,Friday,R104,193
22:00,Friday,R105,165
22:00,Friday,R106,178
22:00,Friday,R107,195
22:00,Friday,R108,121
22:00,Friday,R109,172
22:00,Friday,R110,318
22:00,Friday,R111,125
22:00,Friday,R112,265
22:15,Friday,R101,323
22:15,Friday,R102,251
22:15,Friday,R103,292
22:15,Friday,R104,156
22:15,Friday,R105,179
22:15,Friday,R106,132
22:15,Friday,R107,103
22:15,Friday,R108,117
22:15,Friday,R109,167
22:15,Friday,R110,204
22:15,Friday,R111,184
22:15,Friday,R112,244
22:30,Friday,R101,281
22:30,Friday,R102,209
22:30,Friday,R103,278
22:30,Friday,R104,120
22:30,Friday,R105,208
22:30,Friday,R106,111
22:30,Friday,R107,168
22:30,Friday,R108,126
22:30,Friday,R109,166
22:30,Friday,R110,218
22:30,Friday,R111,147
22:30,Friday,R112,266
22:45,Friday,R101,308
22:45,Friday,R102,205
22:45,Friday,R103,274
22:45,Friday,R104,146
22:45,Friday,R105,188
22:45,Friday,R106,83
22:45,Friday,R107,148
22:45,Friday,R108,119
22:45,Friday,R109,154
22:45,Friday,R110,281
22:45,Friday,R111,150
22:45,Friday,R112,221
23:00,Friday,R101,327
23:00,Friday,R102,218
23:00,Friday,R103,279
23:00,Friday,R104,149
23:00,Friday,R105,207
23:00,Friday,R106,128
23:00,Friday,R107,136
23:00,Friday,R108,80
23:00,Friday,R109,161
23:00,Friday,R110,275
23:00,Friday,R111,128
23:00,Friday,R112,230
23:15,Friday,R101,293
23:15,Friday,R102,177
23:15,Friday,R103,213
23:15,Friday,R104,153
23:15,Friday,R105,198
23:15,Friday,R106,133
23:15,Friday,R107,118
23:15,Friday,R108,111
23:15,Friday,R109,196
23:15,Friday,R110,226
23:15,Friday,R111,132
23:15,Friday,R112,237
23:30,Friday,R101,318
23:30,Friday,R102,242
23:30,Friday,R103,252
23:30,Friday,R104,160
23:30,Friday,R105,203
23:30,Friday,R106,109
23:30,Friday,R107,122
23:30,Friday,R108,80
23:30,Friday,R109,126
23:30,Friday,R110,240
23:30,Friday,R111,136
23:30,Friday,R112,248
23:45,Friday,R101,303
23:45,Friday,R102,182
23:45,Friday,R103,266
23:45,Friday,R104,127
23:45,Friday,R105,229
23:45,Friday,R106,99
23:45,Friday,R107,116
23:45,Friday,R108,83
23:45,Friday,R109,184
23:45,Friday,R110,222
23:45,Friday,R111,132
23:45,Friday,R112,264
00:00,Saturday,R101,215
00:00,Saturday,R102,159
00:00,Saturday,R103,164
00:00,Saturday,R104,80
00:00,Saturday,R105,140
00:00,Saturday,R106,86
00:00,Saturday,R107,101
00:00,Saturday,R108,80
00:00,Saturday,R109,125
00:00,Saturday,R110,122
00:00,Saturday,R111,150
00:00,Saturday,R112,167
00:15,Saturday,R101,232
00:15,Saturday,R102,125
00:15,Saturday,R103,196
00:15,Saturday,R104,80
00:15,Saturday,R105,149
00:15,Saturday,R106,85
00:15,Saturday,R107,87
00:15,Saturday,R108,95
00:15,Saturday,R109,89
00:15,Saturday,R110,146
00:15,Saturday,R111,114
00:15,Saturday,R112,224
00:30,Saturday,R101,211
00:30,Saturday,R102,161
00:30,Saturday,R103,186
00:30,Saturday,R104,160
00:30,Saturday,R105,94
00:30,Saturday,R106,97
00:30,Saturday,R107,80
00:30,Saturday,R108,80
00:30,Saturday,R109,128
00:30,Saturday,R110,167
00:30,Saturday,R111,96
00:30,Saturday,R112,169
00:45,Saturday,R101,292
00:45,Saturday,R102,139
00:45,Saturday,R103,202
00:45,Saturday,R104,95
00:45,Saturday,R105,145
00:45,Saturday,R106,88
00:45,Saturday,R107,80
00:45,Saturday,R108,123
00:45,Saturday,R109,150
00:45,Saturday,R110,166
00:45,Saturday,R111,80
00:45,Saturday,R112,163
01:00,Saturday,R101,282
01:00,Saturday,R102,140
01:00,Saturday,R103,216
01:00,Saturday,R104,148
01:00,Saturday,R105,143
01:00,Saturday,R106,80
01:00,Saturday,R107,80
01:00,Saturday,R108,94
01:00,Saturday,R109,100
01:00,Saturday,R110,167
01:00,Saturday,R111,80
01:00,Saturday,R112,165
01:15,Saturday,R101,215
01:15,Saturday,R102,153
01:15,Saturday,R103,161
01:15,Saturday,R104,141
01:15,Saturday,R105,122
01:15,Saturday,R106,80
01:15,Saturday,R107,83
01:15,Saturday,R108,80
01:15,Saturday,R109,124
01:15,Saturday,R110,197
01:15,Saturday,R111,97
01:15,Saturday,R112,169
01:30,Saturday,R101,187
01:30,Saturday,R102,166
01:30,Saturday,R103,193
01:30,Saturday,R104,101
01:30,Saturday,R105,90
01:30,Saturday,R106,130
01:30,Saturday,R107,80
01:30,Saturday,R108,80
01:30,Saturday,R109,129
01:30,Saturday,R110,133
01:30,Saturday,R111,80
01:30,Saturday,R112,119
01:45,Saturday,R101,233
01:45,Saturday,R102,132
01:45,Saturday,R103,262
01:45,Saturday,R104,87
01:45,Saturday,R105,114
01:45,Saturday,R106,80
01:45,Saturday,R107,92
01:45,Saturday,R108,80
01:45,Saturday,R109,135
01:45,Saturday,R110,139
01:45,Saturday,R111,80
01:45,Saturday,R112,127
02:00,Saturday,R101,159
02:00,Saturday,R102,133
02:00,Saturday,R103,181
02:00,Saturday,R104,96
02:00,Saturday,R105,168
02:00,Saturday,R106,125
02:00,Saturday,R107,80
02:00,Saturday,R108,80
02:00,Saturday,R109,106
02:00,Saturday,R110,148
02:00,Saturday,R111,87
02:00,Saturday,R112,154
02:15,Saturday,R101,198
02:15,Saturday,R102,136
02:15,Saturday,R103,173
02:15,Saturday,R104,117
02:15,Saturday,R105,146
02:15,Saturday,R106,80
02:15,Saturday,R107,118
02:15,Saturday,R108,80
02:15,Saturday,R109,80
02:15,Saturday,R110,173
02:15,Saturday,R111,83
02:15,Saturday,R112,180
02:30,Saturday,R101,154
02:30,Saturday,R102,181
02:30,Saturday,R103,206
02:30,Saturday,R104,80
02:30,Saturday,R105,100
02:30,Saturday,R106,136
02:30,Saturday,R107,80
02:30,Saturday,R108,80
02:30,Saturday,R109,80
02:30,Saturday,R110,154
02:30,Saturday,R111,97
02:30,Saturday,R112,189
02:45,Saturday,R101,180
02:45,Saturday,R102,108
02:45,Saturday,R103,200
02:45,Saturday,R104,137
02:45,Saturday,R105,98
02:45,Saturday,R106,121
02:45,Saturday,R107,87
02:45,Saturday,R108,105
02:45,Saturday,R109,118
02:45,Saturday,R110,100
02:45,Saturday,R111,99
02:45,Saturday,R112,198
03:00,Saturday,R101,192
03:00,Saturday,R102,136
03:00,Saturday,R103,184
03:00,Saturday,R104,80
03:00,Saturday,R105,179
03:00,Saturday,R106,80
03:00,Saturday,R107,98
03:00,Saturday,R108,80
03:00,Saturday,R109,152
03:00,Saturday,R110,173
03:00,Saturday,R111,97
03:00,Saturday,R112,149
03:15,Saturday,R101,234
03:15,Saturday,R102,99
03:15,Saturday,R103,205
03:15,Saturday,R104,84
03:15,Saturday,R105,169
03:15,Saturday,R106,98
03:15,Saturday,R107,102
03:15,Saturday,R108,80
03:15,Saturday,R109,80
03:15,Saturday,R110,142
03:15,Saturday,R111,120
03:15,Saturday,R112,176
03:30,Saturday,R101,244
03:30,Saturday,R102,156
03:30,Saturday,R103,165
03:30,Saturday,R104,92
03:30,Saturday,R105,140
03:30,Saturday,R106,80
03:30,Saturday,R107,128
03:30,Saturday,R108,88
03:30,Saturday,R109,151
03:30,Saturday,R110,124
03:30,Saturday,R111,134
03:30,Saturday,R112,227
03:45,Saturday,R101,182
03:45,Saturday,R102,165
03:45,Saturday,R103,189
03:45,Saturday,R104,80
03:45,Saturday,R105,150
03:45,Saturday,R106,115
03:45,Saturday,R107,80
03:45,Saturday,R108,106
03:45,Saturday,R109,80
03:45,Saturday,R110,126
03:45,Saturday,R111,106
03:45,Saturday,R112,172
04:00,Saturday,R101,197
04:00,Saturday,R102,166
04:00,Saturday,R103,202
04:00,Saturday,R104,133
04:00,Saturday,R105,134
04:00,Saturday,R106,109
04:00,Saturday,R107,80
04:00,Saturday,R108,129
04:00,Saturday,R109,100
04:00,Saturday,R110,216
04:00,Saturday,R111,104
04:00,Saturday,R112,137
04:15,Saturday,R101,249
04:15,Saturday,R102,149
04:15,Saturday,R103,210
04:15,Saturday,R104,142
04:15,Saturday,R105,146
04:15,Saturday,R106,80
04:15,Saturday,R107,110
04:15,Saturday,R108,80
04:15,Saturday,R109,137
04:15,Saturday,R110,109
04:15,Saturday,R111,114
04:15,Saturday,R112,156
04:30,Saturday,R101,256
04:30,Saturday,R102,162
04:30,Saturday,R103,195
04:30,Saturday,R104,124
04:30,Saturday,R105,112
04:30,Saturday,R106,135
04:30,Saturday,R107,136
04:30,Saturday,R108,87
04:30,Saturday,R109,160
04:30,Saturday,R110,149
04:30,Saturday,R111,83
04:30,Saturday,R112,173
04:45,Saturday,R101,226
04:45,Saturday,R102,136
04:45,Saturday,R103,203
04:45,Saturday,R104,120
04:45,Saturday,R105,113
04:45,Saturday,R106,108
04:45,Saturday,R107,108
04:45,Saturday,R108,82
04:45,Saturday,R109,149
04:45,Saturday,R110,133
04:45,Saturday,R111,115
04:45,Saturday,R112,143
05:00,Saturday,R101,188
05:00,Saturday,R102,131
05:00,Saturday,R103,166
05:00,Saturday,R104,99
05:00,Saturday,R105,133
05:00,Saturday,R106,116
05:00,Saturday,R107,80
05:00,Saturday,R108,80
05:00,Saturday,R109,149
05:00,Saturday,R110,143
05:00,Saturday,R111,102
05:00,Saturday,R112,184
05:15,Saturday,R101,222
05:15,Saturday,R102,175
05:15,Saturday,R103,203
05:15,Saturday,R104,92
05:15,Saturday,R105,193
05:15,Saturday,R106,100
05:15,Saturday,R107,83
05:15,Saturday,R108,102
05:15,Saturday,R109,128
05:15,Saturday,R110,175
05:15,Saturday,R111,166
05:15,Saturday,R112,167
05:30,Saturday,R101,211
05:30,Saturday,R102,152
05:30,Saturday,R103,220
05:30,Saturday,R104,80
05:30,Saturday,R105,91
05:30,Saturday,R106,82
05:30,Saturday,R107,80
05:30,Saturday,R108,80
05:30,Saturday,R109,136
05:30,Saturday,R110,144
05:30,Saturday,R111,80
05:30,Saturday,R112,177
05:45,Saturday,R101,244
05:45,Saturday,R102,109
05:45,Saturday,R103,217
05:45,Saturday,R104,137
05:45,Saturday,R105,166
05:45,Saturday,R106,128
05:45,Saturday,R107,144
05:45,Saturday,R108,80
05:45,Saturday,R109,128
05:45,Saturday,R110,158
05:45,Saturday,R111,107
05:45,Saturday,R112,217
06:00,Saturday,R101,194
06:00,Saturday,R102,134
06:00,Saturday,R103,237
06:00,Saturday,R104,146
06:00,Saturday,R105,136
06:00,Saturday,R106,122
06:00,Saturday,R107,100
06:00,Saturday,R108,121
06:00,Saturday,R109,132
06:00,Saturday,R110,198
06:00,Saturday,R111,176
06:00,Saturday,R112,198
06:15,Saturday,R101,239
06:15,Saturday,R102,181
06:15,Saturday,R103,204
06:15,Saturday,R104,187
06:15,Saturday,R105,155
06:15,Saturday,R106,98
06:15,Saturday,R107,80
06:15,Saturday,R108,115
06:15,Saturday,R109,158
06:15,Saturday,R110,166
06:15,Saturday,R111,128
06:15,Saturday,R112,154
06:30,Saturday,R101,257
06:30,Saturday,R102,185
06:30,Saturday,R103,271
06:30,Saturday,R104,118
06:30,Saturday,R105,127
06:30,Saturday,R106,89
06:30,Saturday,R107,80
06:30,Saturday,R108,127
06:30,Saturday,R109,186
06:30,Saturday,R110,197
06:30,Saturday,R111,152
06:30,Saturday,R112,208
06:45,Saturday,R101,272
06:45,Saturday,R102,182
06:45,Saturday,R103,244
06:45,Saturday,R104,113
06:45,Saturday,R105,179
06:45,Saturday,R106,120
06:45,Saturday,R107,131
06:45,Saturday,R108,105
06:45,Saturday,R109,160
06:45,Saturday,R110,183
06:45,Saturday,R111,134
06:45,Saturday,R112,243
07:00,Saturday,R101,278
07:00,Saturday,R102,217
07:00,Saturday,R103,292
07:00,Saturday,R104,156
07:00,Saturday,R105,176
07:00,Saturday,R106,141
07:00,Saturday,R107,98
07:00,Saturday,R108,126
07:00,Saturday,R109,165
07:00,Saturday,R110,253
07:00,Saturday,R111,206
07:00,Saturday,R112,231
07:15,Saturday,R101,365
07:15,Saturday,R102,230
07:15,Saturday,R103,359
07:15,Saturday,R104,172
07:15,Saturday,R105,229
07:15,Saturday,R106,133
07:15,Saturday,R107,141
07:15,Saturday,R108,110
07:15,Saturday,R109,240
07:15,Saturday,R110,236
07:15,Saturday,R111,183
07:15,Saturday,R112,283
07:30,Saturday,R101,408
07:30,Saturday,R102,296
07:30,Saturday,R103,376
07:30,Saturday,R104,249
07:30,Saturday,R105,289
07:30,Saturday,R106,161
07:30,Saturday,R107,201
07:30,Saturday,R108,199
07:30,Saturday,R109,242
07:30,Saturday,R110,262
07:30,Saturday,R111,205
07:30,Saturday,R112,330
07:45,Saturday,R101,534
07:45,Saturday,R102,350
07:45,Saturday,R103,455
07:45,Saturday,R104,265
07:45,Saturday,R105,322
07:45,Saturday,R106,200
07:45,Saturday,R107,206
07:45,Saturday,R108,218
07:45,Saturday,R109,305
07:45,Saturday,R110,349
07:45,Saturday,R111,233
07:45,Saturday,R112,428
08:00,Saturday,R101,595
08:00,Saturday,R102,412
08:00,Saturday,R103,573
08:00,Saturday,R104,347
08:00,Saturday,R105,311
08:00,Saturday,R106,261
08:00,Saturday,R107,293
08:00,Saturday,R108,212
08:00,Saturday,R109,364
08:00,Saturday,R110,392
08:00,Saturday,R111,296
08:00,Saturday,R112,503
08:15,Saturday,R101,681
08:15,Saturday,R102,474
08:15,Saturday,R103,687
08:15,Saturday,R104,389
08:15,Saturday,R105,414
08:15,Saturday,R106,324
08:15,Saturday,R107,261
08:15,Saturday,R108,241
08:15,Saturday,R109,500
08:15,Saturday,R110,472
08:15,Saturday,R111,358
08:15,Saturday,R112,581
08:30,Saturday,R101,798
08:30,Saturday,R102,597
08:30,Saturday,R103,775
08:30,Saturday,R104,510
08:30,Saturday,R105,469
08:30,Saturday,R106,321
08:30,Saturday,R107,353
08:30,Saturday,R108,324
08:30,Saturday,R109,542
08:30,Saturday,R110,537
08:30,Saturday,R111,426
08:30,Saturday,R112,716
08:45,Saturday,R101,966
08:45,Saturday,R102,667
08:45,Saturday,R103,863
08:45,Saturday,R104,640
08:45,Saturday,R105,547
08:45,Saturday,R106,389
08:45,Saturday,R107,408
08:45,Saturday,R108,412
08:45,Saturday,R109,633
08:45,Saturday,R110,689
08:45,Saturday,R111,472
08:45,Saturday,R112,757
09:00,Saturday,R101,1013
09:00,Saturday,R102,798
09:00,Saturday,R103,931
09:00,Saturday,R104,664
09:00,Saturday,R105,578
09:00,Saturday,R106,448
09:00,Saturday,R107,442
09:00,Saturday,R108,425
09:00,Saturday,R109,702
09:00,Saturday,R110,697
09:00,Saturday,R111,559
09:00,Saturday,R112,976
09:15,Saturday,R101,1091
09:15,Saturday,R102,904
09:15,Saturday,R103,1150
09:15,Saturday,R104,743
09:15,Saturday,R105,677
09:15,Saturday,R106,490
09:15,Saturday,R107,521
09:15,Saturday,R108,482
09:15,Saturday,R109,779
09:15,Saturday,R110,759
09:15,Saturday,R111,530
09:15,Saturday,R112,919
09:30,Saturday,R101,1235
09:30,Saturday,R102,858
09:30,Saturday,R103,1244
09:30,Saturday,R104,844
09:30,Saturday,R105,766
09:30,Saturday,R106,542
09:30,Saturday,R107,531
09:30,Saturday,R108,562
09:30,Saturday,R109,877
09:30,Saturday,R110,851
09:30,Saturday,R111,555
09:30,Saturday,R112,1085
09:45,Saturday,R101,1337
09:45,Saturday,R102,920
09:45,Saturday,R103,1333
09:45,Saturday,R104,818
09:45,Saturday,R105,752
09:45,Saturday,R106,503
09:45,Saturday,R107,551
09:45,Saturday,R108,563
09:45,Saturday,R109,870
09:45,Saturday,R110,903
09:45,Saturday,R111,597
09:45,Saturday,R112,1132
10:00,Saturday,R101,1294
10:00,Saturday,R102,920
10:00,Saturday,R103,1416
10:00,Saturday,R104,879
10:00,Saturday,R105,748
10:00,Saturday,R106,588
10:00,Saturday,R107,579
10:00,Saturday,R108,562
10:00,Saturday,R109,840
10:00,Saturday,R110,955
10:00,Saturday,R111,611
10:00,Saturday,R112,1112
10:15,Saturday,R101,1441
10:15,Saturday,R102,959
10:15,Saturday,R103,1293
10:15,Saturday,R104,749
10:15,Saturday,R105,806
10:15,Saturday,R106,533
10:15,Saturday,R107,532
10:15,Saturday,R108,530
10:15,Saturday,R109,952
10:15,Saturday,R110,932
10:15,Saturday,R111,614
10:15,Saturday,R112,1129
10:30,Saturday,R101,1201
10:30,Saturday,R102,912
10:30,Saturday,R103,1264
10:30,Saturday,R104,830
10:30,Saturday,R105,759
10:30,Saturday,R106,556
10:30,Saturday,R107,524
10:30,Saturday,R108,534
10:30,Saturday,R109,853
10:30,Saturday,R110,822
10:30,Saturday,R111,582
10:30,Saturday,R112,1070
10:45,Saturday,R101,1198
10:45,Saturday,R102,837
10:45,Saturday,R103,1108
10:45,Saturday,R104,741
10:45,Saturday,R105,682
10:45,Saturday,R106,511
10:45,Saturday,R107,519
10:45,Saturday,R108,505
10:45,Saturday,R109,775
10:45,Saturday,R110,784
10:45,Saturday,R111,526
10:45,Saturday,R112,1024
11:00,Saturday,R101,1113
11:00,Saturday,R102,754
11:00,Saturday,R103,1049
11:00,Saturday,R104,712
11:00,Saturday,R105,632
11:00,Saturday,R106,471
11:00,Saturday,R107,420
11:00,Saturday,R108,451
11:00,Saturday,R109,690
11:00,Saturday,R110,696
11:00,Saturday,R111,493
11:00,Saturday,R112,876
11:15,Saturday,R101,917
11:15,Saturday,R102,633
11:15,Saturday,R103,976
11:15,Saturday,R104,619
11:15,Saturday,R105,500
11:15,Saturday,R106,432
11:15,Saturday,R107,378
11:15,Saturday,R108,404
11:15,Saturday,R109,632
11:15,Saturday,R110,653
11:15,Saturday,R111,440
11:15,Saturday,R112,840
11:30,Saturday,R101,760
11:30,Saturday,R102,602
11:30,Saturday,R103,848
11:30,Saturday,R104,525
11:30,Saturday,R105,537
11:30,Saturday,R106,341
11:30,Saturday,R107,368
11:30,Saturday,R108,328
11:30,Saturday,R109,577
11:30,Saturday,R110,568
11:30,Saturday,R111,376
11:30,Saturday,R112,730
11:45,Saturday,R101,672
11:45,Saturday,R102,463
11:45,Saturday,R103,669
11:45,Saturday,R104,444
11:45,Saturday,R105,446
11:45,Saturday,R106,305
11:45,Saturday,R107,326
11:45,Saturday,R108,246
11:45,Saturday,R109,450
11:45,Saturday,R110,481
11:45,Saturday,R111,327
11:45,Saturday,R112,589
12:00,Saturday,R101,599
12:00,Saturday,R102,408
12:00,Saturday,R103,577
12:00,Saturday,R104,356
12:00,Saturday,R105,326
12:00,Saturday,R106,253
12:00,Saturday,R107,243
12:00,Saturday,R108,231
12:00,Saturday,R109,386
12:00,Saturday,R110,417
12:00,Saturday,R111,268
12:00,Saturday,R112,525
12:15,Saturday,R101,462
12:15,Saturday,R102,334
12:15,Saturday,R103,548
12:15,Saturday,R104,271
12:15,Saturday,R105,263
12:15,Saturday,R106,234
12:15,Saturday,R107,155
12:15,Saturday,R108,190
12:15,Saturday,R109,373
12:15,Saturday,R110,314
12:15,Saturday,R111,186
12:15,Saturday,R112,377
12:30,Saturday,R101,441
12:30,Saturday,R102,326
12:30,Saturday,R103,390
12:30,Saturday,R104,265
12:30,Saturday,R105,290
12:30,Saturday,R106,229
12:30,Saturday,R107,169
12:30,Saturday,R108,107
12:30,Saturday,R109,247
12:30,Saturday,R110,292
12:30,Saturday,R111,194
12:30,Saturday,R112,345
12:45,Saturday,R101,391
12:45,Saturday,R102,289
12:45,Saturday,R103,341
12:45,Saturday,R104,239
12:45,Saturday,R105,232
12:45,Saturday,R106,161
12:45,Saturday,R107,174
12:45,Saturday,R108,143
12:45,Saturday,R109,279
12:45,Saturday,R110,229
12:45,Saturday,R111,161
12:45,Saturday,R112,299
13:00,Saturday,R101,337
13:00,Saturday,R102,260
13:00,Saturday,R103,305
13:00,Saturday,R104,150
13:00,Saturday,R105,223
13:00,Saturday,R106,162
13:00,Saturday,R107,86
13:00,Saturday,R108,125
13:00,Saturday,R109,161
13:00,Saturday,R110,223
13:00,Saturday,R111,134
13:00,Saturday,R112,289
13:15,Saturday,R101,307
13:15,Saturday,R102,180
13:15,Saturday,R103,305
13:15,Saturday,R104,136
13:15,Saturday,R105,197
13:15,Saturday,R106,113
13:15,Saturday,R107,116
13:15,Saturday,R108,128
13:15,Saturday,R109,198
13:15,Saturday,R110,258
13:15,Saturday,R111,144
13:15,Saturday,R112,258
13:30,Saturday,R101,286
13:30,Saturday,R102,212
13:30,Saturday,R103,287
13:30,Saturday,R104,165
13:30,Saturday,R105,140
13:30,Saturday,R106,139
13:30,Saturday,R107,131
13:30,Saturday,R108,96
13:30,Saturday,R109,148
13:30,Saturday,R110,257
13:30,Saturday,R111,155
13:30,Saturday,R112,239
13:45,Saturday,R101,276
13:45,Saturday,R102,193
13:45,Saturday,R103,316
13:45,Saturday,R104,175
13:45,Saturday,R105,176
13:45,Saturday,R106,147
13:45,Saturday,R107,105
13:45,Saturday,R108,154
13:45,Saturday,R109,219
13:45,Saturday,R110,213
13:45,Saturday,R111,131
13:45,Saturday,R112,185
14:00,Saturday,R101,289
14:00,Saturday,R102,196
14:00,Saturday,R103,309
14:00,Saturday,R104,178
14:00,Saturday,R105,168
14:00,Saturday,R106,136
14:00,Saturday,R107,147
14:00,Saturday,R108,138
14:00,Saturday,R109,153
14:00,Saturday,R110,236
14:00,Saturday,R111,122
14:00,Saturday,R112,292
14:15,Saturday,R101,381
14:15,Saturday,R102,233
14:15,Saturday,R103,324
14:15,Saturday,R104,199
14:15,Saturday,R105,166
14:15,Saturday,R106,167
14:15,Saturday,R107,143
14:15,Saturday,R108,165
14:15,Saturday,R109,199
14:15,Saturday,R110,248
14:15,Saturday,R111,136
14:15,Saturday,R112,275
14:30,Saturday,R101,382
14:30,Saturday,R102,318
14:30,Saturday,R103,378
14:30,Saturday,R104,247
14:30,Saturday,R105,242
14:30,Saturday,R106,149
14:30,Saturday,R107,168
14:30,Saturday,R108,177
14:30,Saturday,R109,232
14:30,Saturday,R110,319
14:30,Saturday,R111,176
14:30,Saturday,R112,332
14:45,Saturday,R101,490
14:45,Saturday,R102,325
14:45,Saturday,R103,465
14:45,Saturday,R104,279
14:45,Saturday,R105,292
14:45,Saturday,R106,150
14:45,Saturday,R107,155
14:45,Saturday,R108,205
14:45,Saturday,R109,335
14:45,Saturday,R110,320
14:45,Saturday,R111,223
14:45,Saturday,R112,409
15:00,Saturday,R101,575
15:00,Saturday,R102,351
15:00,Saturday,R103,526
15:00,Saturday,R104,333
15:00,Saturday,R105,353
15:00,Saturday,R106,308
15:00,Saturday,R107,230
15:00,Saturday,R108,189
15:00,Saturday,R109,378
15:00,Saturday,R110,431
15:00,Saturday,R111,270
15:00,Saturday,R112,450
15:15,Saturday,R101,681
15:15,Saturday,R102,489
15:15,Saturday,R103,618
15:15,Saturday,R104,415
15:15,Saturday,R105,415
15:15,Saturday,R106,317
15:15,Saturday,R107,276
15:15,Saturday,R108,256
15:15,Saturday,R109,467
15:15,Saturday,R110,434
15:15,Saturday,R111,324
15:15,Saturday,R112,521
15:30,Saturday,R101,797
15:30,Saturday,R102,546
15:30,Saturday,R103,805
15:30,Saturday,R104,490
15:30,Saturday,R105,422
15:30,Saturday,R106,370
15:30,Saturday,R107,364
15:30,Saturday,R108,334
15:30,Saturday,R109,495
15:30,Saturday,R110,530
15:30,Saturday,R111,369
15:30,Saturday,R112,630
15:45,Saturday,R101,945
15:45,Saturday,R102,645
15:45,Saturday,R103,777
15:45,Saturday,R104,565
15:45,Saturday,R105,512
15:45,Saturday,R106,384
15:45,Saturday,R107,367
15:45,Saturday,R108,382
15:45,Saturday,R109,629
15:45,Saturday,R110,626
15:45,Saturday,R111,413
15:45,Saturday,R112,752
16:00,Saturday,R101,1001
16:00,Saturday,R102,705
16:00,Saturday,R103,1040
16:00,Saturday,R104,651
16:00,Saturday,R105,632
16:00,Saturday,R106,471
16:00,Saturday,R107,413
16:00,Saturday,R108,435
16:00,Saturday,R109,658
16:00,Saturday,R110,724
16:00,Saturday,R111,467
16:00,Saturday,R112,821
16:15,Saturday,R101,1135
16:15,Saturday,R102,723
16:15,Saturday,R103,1050
16:15,Saturday,R104,713
16:15,Saturday,R105,664
16:15,Saturday,R106,484
16:15,Saturday,R107,444
16:15,Saturday,R108,446
16:15,Saturday,R109,788
16:15,Saturday,R110,806
16:15,Saturday,R111,538
16:15,Saturday,R112,1017
16:30,Saturday,R101,1255
16:30,Saturday,R102,875
16:30,Saturday,R103,1242
16:30,Saturday,R104,744
16:30,Saturday,R105,723
16:30,Saturday,R106,570
16:30,Saturday,R107,550
16:30,Saturday,R108,550
16:30,Saturday,R109,844
16:30,Saturday,R110,915
16:30,Saturday,R111,587
16:30,Saturday,R112,1136
16:45,Saturday,R101,1329
16:45,Saturday,R102,1009
16:45,Saturday,R103,1450
16:45,Saturday,R104,852
16:45,Saturday,R105,790
16:45,Saturday,R106,619
16:45,Saturday,R107,572
16:45,Saturday,R108,523
16:45,Saturday,R109,1015
16:45,Saturday,R110,910
16:45,Saturday,R111,643
16:45,Saturday,R112,1210
17:00,Saturday,R101,1367
17:00,Saturday,R102,987
17:00,Saturday,R103,1455
17:00,Saturday,R104,836
17:00,Saturday,R105,815
17:00,Saturday,R106,625
17:00,Saturday,R107,601
17:00,Saturday,R108,548
17:00,Saturday,R109,1050
17:00,Saturday,R110,985
17:00,Saturday,R111,718
17:00,Saturday,R112,1202
17:15,Saturday,R101,1395
17:15,Saturday,R102,1082
17:15,Saturday,R103,1474
17:15,Saturday,R104,892
17:15,Saturday,R105,910
17:15,Saturday,R106,621
17:15,Saturday,R107,577
17:15,Saturday,R108,645
17:15,Saturday,R109,991
17:15,Saturday,R110,986
17:15,Saturday,R111,642
17:15,Saturday,R112,1356
17:30,Saturday,R101,1384
17:30,Saturday,R102,1084
17:30,Saturday,R103,1567
17:30,Saturday,R104,970
17:30,Saturday,R105,860
17:30,Saturday,R106,597
17:30,Saturday,R107,613
17:30,Saturday,R108,621
17:30,Saturday,R109,989
17:30,Saturday,R110,1034
17:30,Saturday,R111,727
17:30,Saturday,R112,1327
17:45,Saturday,R101,1372
17:45,Saturday,R102,1175
17:45,Saturday,R103,1540
17:45,Saturday,R104,941
17:45,Saturday,R105,895
17:45,Saturday,R106,707
17:45,Saturday,R107,588
17:45,Saturday,R108,603
17:45,Saturday,R109,905
17:45,Saturday,R110,1022
17:45,Saturday,R111,709
17:45,Saturday,R112,1255
18:00,Saturday,R101,1364
18:00,Saturday,R102,938
18:00,Saturday,R103,1463
18:00,Saturday,R104,969
18:00,Saturday,R105,804
18:00,Saturday,R106,631
18:00,Saturday,R107,565
18:00,Saturday,R108,601
18:00,Saturday,R109,962
18:00,Saturday,R110,947
18:00,Saturday,R111,651
18:00,Saturday,R112,1194
18:15,Saturday,R101,1353
18:15,Saturday,R102,920
18:15,Saturday,R103,1336
18:15,Saturday,R104,858
18:15,Saturday,R105,744
18:15,Saturday,R106,633
18:15,Saturday,R107,553
18:15,Saturday,R108,540
18:15,Saturday,R109,885
18:15,Saturday,R110,1004
18:15,Saturday,R111,654
18:15,Saturday,R112,1102
18:30,Saturday,R101,1295
18:30,Saturday,R102,913
18:30,Saturday,R103,1273
18:30,Saturday,R104,782
18:30,Saturday,R105,702
18:30,Saturday,R106,551
18:30,Saturday,R107,519
18:30,Saturday,R108,560
18:30,Saturday,R109,807
18:30,Saturday,R110,922
18:30,Saturday,R111,589
18:30,Saturday,R112,1079
18:45,Saturday,R101,1163
18:45,Saturday,R102,798
18:45,Saturday,R103,1184
18:45,Saturday,R104,631
18:45,Saturday,R105,640
18:45,Saturday,R106,470
18:45,Saturday,R107,452
18:45,Saturday,R108,461
18:45,Saturday,R109,788
18:45,Saturday,R110,810
18:45,Saturday,R111,544
18:45,Saturday,R112,937
19:00,Saturday,R101,1016
19:00,Saturday,R102,735
19:00,Saturday,R103,1056
19:00,Saturday,R104,660
19:00,Saturday,R105,592
19:00,Saturday,R106,417
19:00,Saturday,R107,414
19:00,Saturday,R108,401
19:00,Saturday,R109,677
19:00,Saturday,R110,711
19:00,Saturday,R111,498
19:00,Saturday,R112,858
19:15,Saturday,R101,878
19:15,Saturday,R102,644
19:15,Saturday,R103,864
19:15,Saturday,R104,533
19:15,Saturday,R105,477
19:15,Saturday,R106,369
19:15,Saturday,R107,388
19:15,Saturday,R108,344
19:15,Saturday,R109,592
19:15,Saturday,R110,631
19:15,Saturday,R111,434
19:15,Saturday,R112,717
19:30,Saturday,R101,794
19:30,Saturday,R102,581
19:30,Saturday,R103,723
19:30,Saturday,R104,457
19:30,Saturday,R105,483
19:30,Saturday,R106,331
19:30,Saturday,R107,270
19:30,Saturday,R108,277
19:30,Saturday,R109,508
19:30,Saturday,R110,509
19:30,Saturday,R111,355
19:30,Saturday,R112,651
19:45,Saturday,R101,695
19:45,Saturday,R102,465
19:45,Saturday,R103,679
19:45,Saturday,R104,440
19:45,Saturday,R105,426
19:45,Saturday,R106,294
19:45,Saturday,R107,229
19:45,Saturday,R108,277
19:45,Saturday,R109,462
19:45,Saturday,R110,461
19:45,Saturday,R111,357
19:45,Saturday,R112,577
20:00,Saturday,R101,570
20:00,Saturday,R102,428
20:00,Saturday,R103,556
20:00,Saturday,R104,278
20:00,Saturday,R105,322
20:00,Saturday,R106,275
20:00,Saturday,R107,215
20:00,Saturday,R108,218
20:00,Saturday,R109,341
20:00,Saturday,R110,442
20:00,Saturday,R111,309
20:00,Saturday,R112,449
20:15,Saturday,R101,478
20:15,Saturday,R102,323
20:15,Saturday,R103,477
20:15,Saturday,R104,299
20:15,Saturday,R105,308
20:15,Saturday,R106,217
20:15,Saturday,R107,273
20:15,Saturday,R108,163
20:15,Saturday,R109,265
20:15,Saturday,R110,332
20:15,Saturday,R111,189
20:15,Saturday,R112,362
20:30,Saturday,R101,382
20:30,Saturday,R102,266
20:30,Saturday,R103,367
20:30,Saturday,R104,254
20:30,Saturday,R105,236
20:30,Saturday,R106,175
20:30,Saturday,R107,193
20:30,Saturday,R108,141
20:30,Saturday,R109,253
20:30,Saturday,R110,305
20:30,Saturday,R111,147
20:30,Saturday,R112,281
20:45,Saturday,R101,362
20:45,Saturday,R102,262
20:45,Saturday,R103,387
20:45,Saturday,R104,209
20:45,Saturday,R105,238
20:45,Saturday,R106,151
20:45,Saturday,R107,154
20:45,Saturday,R108,179
20:45,Saturday,R109,168
20:45,Saturday,R110,269
20:45,Saturday,R111,223
20:45,Saturday,R112,301
21:00,Saturday,R101,354
21:00,Saturday,R102,203
21:00,Saturday,R103,291
21:00,Saturday,R104,178
21:00,Saturday,R105,139
21:00,Saturday,R106,108
21:00,Saturday,R107,101
21:00,Saturday,R108,140
21:00,Saturday,R109,213
21:00,Saturday,R110,238
21:00,Saturday,R111,171
21:00,Saturday,R112,253
21:15,Saturday,R101,312
21:15,Saturday,R102,196
21:15,Saturday,R103,261
21:15,Saturday,R104,150
21:15,Saturday,R105,193
21:15,Saturday,R106,113
21:15,Saturday,R107,140
21:15,Saturday,R108,80
21:15,Saturday,R109,141
21:15,Saturday,R110,226
21:15,Saturday,R111,133
21:15,Saturday,R112,219
21:30,Saturday,R101,282
21:30,Saturday,R102,164
21:30,Saturday,R103,231
21:30,Saturday,R104,177
21:30,Saturday,R105,202
21:30,Saturday,R106,153
21:30,Saturday,R107,98
21:30,Saturday,R108,127
21:30,Saturday,R109,129
21:30,Saturday,R110,171
21:30,Saturday,R111,80
21:30,Saturday,R112,253
21:45,Saturday,R101,222
21:45,Saturday,R102,164
21:45,Saturday,R103,197
21:45,Saturday,R104,149
21:45,Saturday,R105,145
21:45,Saturday,R106,80
21:45,Saturday,R107,110
21:45,Saturday,R108,80
21:45,Saturday,R109,120
21:45,Saturday,R110,130
21:45,Saturday,R111,81
21:45,Saturday,R112,202
22:00,Saturday,R101,184
22:00,Saturday,R102,123
22:00,Saturday,R103,208
22:00,Saturday,R104,110
22:00,Saturday,R105,198
22:00,Saturday,R106,148
22:00,Saturday,R107,80
22:00,Saturday,R108,99
22:00,Saturday,R109,152
22:00,Saturday,R110,161
22:00,Saturday,R111,80
22:00,Saturday,R112,188
22:15,Saturday,R101,222
22:15,Saturday,R102,144
22:15,Saturday,R103,212
22:15,Saturday,R104,100
22:15,Saturday,R105,115
22:15,Saturday,R106,102
22:15,Saturday,R107,100
22:15,Saturday,R108,80
22:15,Saturday,R109,152
22:15,Saturday,R110,127
22:15,Saturday,R111,94
22:15,Saturday,R112,175
22:30,Saturday,R101,205
22:30,Saturday,R102,137
22:30,Saturday,R103,243
22:30,Saturday,R104,95
22:30,Saturday,R105,202
22:30,Saturday,R106,108
22:30,Saturday,R107,91
22:30,Saturday,R108,92
22:30,Saturday,R109,188
22:30,Saturday,R110,143
22:30,Saturday,R111,80
22:30,Saturday,R112,159
22:45,Saturday,R101,219
22:45,Saturday,R102,106
22:45,Saturday,R103,194
22:45,Saturday,R104,157
22:45,Saturday,R105,143
22:45,Saturday,R106,89
22:45,Saturday,R107,80
22:45,Saturday,R108,101
22:45,Saturday,R109,102
22:45,Saturday,R110,212
22:45,Saturday,R111,153
22:45,Saturday,R112,182
23:00,Saturday,R101,217
23:00,Saturday,R102,173
23:00,Saturday,R103,219
23:00,Saturday,R104,93
23:00,Saturday,R105,125
23:00,Saturday,R106,80
23:00,Saturday,R107,97
23:00,Saturday,R108,95
23:00,Saturday,R109,88
23:00,Saturday,R110,153
23:00,Saturday,R111,80
23:00,Saturday,R112,151
23:15,Saturday,R101,230
23:15,Saturday,R102,128
23:15,Saturday,R103,183
23:15,Saturday,R104,80
23:15,Saturday,R105,143
23:15,Saturday,R106,94
23:15,Saturday,R107,80
23:15,Saturday,R108,80
23:15,Saturday,R109,126
23:15,Saturday,R110,144
23:15,Saturday,R111,80
23:15,Saturday,R112,218
23:30,Saturday,R101,199
23:30,Saturday,R102,144
23:30,Saturday,R103,215
23:30,Saturday,R104,200
23:30,Saturday,R105,107
23:30,Saturday,R106,106
23:30,Saturday,R107,80
23:30,Saturday,R108,80
23:30,Saturday,R109,103
23:30,Saturday,R110,135
23:30,Saturday,R111,102
23:30,Saturday,R112,135
23:45,Saturday,R101,239
23:45,Saturday,R102,148
23:45,Saturday,R103,200
23:45,Saturday,R104,100
23:45,Saturday,R105,128
23:45,Saturday,R106,102
23:45,Saturday,R107,80
23:45,Saturday,R108,80
23:45,Saturday,R109,99
23:45,Saturday,R110,141
23:45,Saturday,R111,80
23:45,Saturday,R112,205
00:00,Sunday,R101,148
00:00,Sunday,R102,141
00:00,Sunday,R103,172
00:00,Sunday,R104,80
00:00,Sunday,R105,80
00:00,Sunday,R106,137
00:00,Sunday,R107,110
00:00,Sunday,R108,80
00:00,Sunday,R109,99
00:00,Sunday,R110,110
00:00,Sunday,R111,90
00:00,Sunday,R112,114
00:15,Sunday,R101,114
00:15,Sunday,R102,80
00:15,Sunday,R103,146
00:15,Sunday,R104,80
00:15,Sunday,R105,104
00:15,Sunday,R106,80
00:15,Sunday,R107,80
00:15,Sunday,R108,81
00:15,Sunday,R109,99
00:15,Sunday,R110,125
00:15,Sunday,R111,101
00:15,Sunday,R112,144
00:30,Sunday,R101,201
00:30,Sunday,R102,101
00:30,Sunday,R103,134
00:30,Sunday,R104,80
00:30,Sunday,R105,95
00:30,Sunday,R106,97
00:30,Sunday,R107,98
00:30,Sunday,R108,83
00:30,Sunday,R109,80
00:30,Sunday,R110,152
00:30,Sunday,R111,80
00:30,Sunday,R112,154
00:45,Sunday,R101,156
00:45,Sunday,R102,130
00:45,Sunday,R103,112
00:45,Sunday,R104,115
00:45,Sunday,R105,80
00:45,Sunday,R106,80
00:45,Sunday,R107,80
00:45,Sunday,R108,80
00:45,Sunday,R109,95
00:45,Sunday,R110,171
00:45,Sunday,R111,146
00:45,Sunday,R112,134
01:00,Sunday,R101,193
01:00,Sunday,R102,118
01:00,Sunday,R103,158
01:00,Sunday,R104,80
01:00,Sunday,R105,110
01:00,Sunday,R106,86
01:00,Sunday,R107,80
01:00,Sunday,R108,80
01:00,Sunday,R109,91
01:00,Sunday,R110,146
01:00,Sunday,R111,80
01:00,Sunday,R112,131
01:15,Sunday,R101,213
01:15,Sunday,R102,141
01:15,Sunday,R103,179
01:15,Sunday,R104,86
01:15,Sunday,R105,114
01:15,Sunday,R106,98
01:15,Sunday,R107,105
01:15,Sunday,R108,80
01:15,Sunday,R109,80
01:15,Sunday,R110,158
01:15,Sunday,R111,80
01:15,Sunday,R112,115
01:30,Sunday,R101,134
01:30,Sunday,R102,98
01:30,Sunday,R103,110
01:30,Sunday,R104,138
01:30,Sunday,R105,105
01:30,Sunday,R106,80
01:30,Sunday,R107,81
01:30,Sunday,R108,83
01:30,Sunday,R109,116
01:30,Sunday,R110,152
01:30,Sunday,R111,80
01:30,Sunday,R112,125
01:45,Sunday,R101,184
01:45,Sunday,R102,99
01:45,Sunday,R103,145
01:45,Sunday,R104,96
01:45,Sunday,R105,125
01:45,Sunday,R106,80
01:45,Sunday,R107,84
01:45,Sunday,R108,80
01:45,Sunday,R109,110
01:45,Sunday,R110,145
01:45,Sunday,R111,119
01:45,Sunday,R112,166
02:00,Sunday,R101,199
02:00,Sunday,R102,148
02:00,Sunday,R103,152
02:00,Sunday,R104,87
02:00,Sunday,R105,127
02:00,Sunday,R106,91
02:00,Sunday,R107,80
02:00,Sunday,R108,80
02:00,Sunday,R109,92
02:00,Sunday,R110,104
02:00,Sunday,R111,111
02:00,Sunday,R112,133
02:15,Sunday,R101,216
02:15,Sunday,R102,80
02:15,Sunday,R103,131
02:15,Sunday,R104,87
02:15,Sunday,R105,134
02:15,Sunday,R106,83
02:15,Sunday,R107,80
02:15,Sunday,R108,80
02:15,Sunday,R109,80
02:15,Sunday,R110,133
02:15,Sunday,R111,80
02:15,Sunday,R112,119
02:30,Sunday,R101,178
02:30,Sunday,R102,88
02:30,Sunday,R103,185
02:30,Sunday,R104,116
02:30,Sunday,R105,80
02:30,Sunday,R106,80
02:30,Sunday,R107,80
02:30,Sunday,R108,80
02:30,Sunday,R109,112
02:30,Sunday,R110,115
02:30,Sunday,R111,91
02:30,Sunday,R112,94
02:45,Sunday,R101,185
02:45,Sunday,R102,98
02:45,Sunday,R103,146
02:45,Sunday,R104,83
02:45,Sunday,R105,80
02:45,Sunday,R106,80
02:45,Sunday,R107,90
02:45,Sunday,R108,80
02:45,Sunday,R109,119
02:45,Sunday,R110,134
02:45,Sunday,R111,83
02:45,Sunday,R112,89
03:00,Sunday,R101,158
03:00,Sunday,R102,112
03:00,Sunday,R103,194
03:00,Sunday,R104,103
03:00,Sunday,R105,144
03:00,Sunday,R106,88
03:00,Sunday,R107,80
03:00,Sunday,R108,80
03:00,Sunday,R109,98
03:00,Sunday,R110,102
03:00,Sunday,R111,80
03:00,Sunday,R112,127
03:15,Sunday,R101,205
03:15,Sunday,R102,80
03:15,Sunday,R103,175
03:15,Sunday,R104,80
03:15,Sunday,R105,80
03:15,Sunday,R106,102
03:15,Sunday,R107,84
03:15,Sunday,R108,91
03:15,Sunday,R109,112
03:15,Sunday,R110,177
03:15,Sunday,R111,93
03:15,Sunday,R112,128
03:30,Sunday,R101,174
03:30,Sunday,R102,143
03:30,Sunday,R103,126
03:30,Sunday,R104,80
03:30,Sunday,R105,98
03:30,Sunday,R106,80
03:30,Sunday,R107,80
03:30,Sunday,R108,80
03:30,Sunday,R109,94
03:30,Sunday,R110,147
03:30,Sunday,R111,80
03:30,Sunday,R112,174
03:45,Sunday,R101,129
03:45,Sunday,R102,142
03:45,Sunday,R103,162
03:45,Sunday,R104,80
03:45,Sunday,R105,173
03:45,Sunday,R106,80
03:45,Sunday,R107,80
03:45,Sunday,R108,80
03:45,Sunday,R109,87
03:45,Sunday,R110,122
03:45,Sunday,R111,82
03:45,Sunday,R112,125
04:00,Sunday,R101,181
04:00,Sunday,R102,103
04:00,Sunday,R103,97
04:00,Sunday,R104,82
04:00,Sunday,R105,80
04:00,Sunday,R106,81
04:00,Sunday,R107,80
04:00,Sunday,R108,80
04:00,Sunday,R109,125
04:00,Sunday,R110,102
04:00,Sunday,R111,106
04:00,Sunday,R112,121
04:15,Sunday,R101,209
04:15,Sunday,R102,103
04:15,Sunday,R103,124
04:15,Sunday,R104,103
04:15,Sunday,R105,95
04:15,Sunday,R106,80
04:15,Sunday,R107,80
04:15,Sunday,R108,80
04:15,Sunday,R109,126
04:15,Sunday,R110,80
04:15,Sunday,R111,80
04:15,Sunday,R112,148
04:30,Sunday,R101,170
04:30,Sunday,R102,145
04:30,Sunday,R103,144
04:30,Sunday,R104,81
04:30,Sunday,R105,121
04:30,Sunday,R106,80
04:30,Sunday,R107,80
04:30,Sunday,R108,80
04:30,Sunday,R109,80
04:30,Sunday,R110,110
04:30,Sunday,R111,80
04:30,Sunday,R112,166
04:45,Sunday,R101,85
04:45,Sunday,R102,122
04:45,Sunday,R103,147
04:45,Sunday,R104,80
04:45,Sunday,R105,114
04:45,Sunday,R106,85
04:45,Sunday,R107,81
04:45,Sunday,R108,80
04:45,Sunday,R109,127
04:45,Sunday,R110,107
04:45,Sunday,R111,97
04:45,Sunday,R112,151
05:00,Sunday,R101,144
05:00,Sunday,R102,129
05:00,Sunday,R103,136
05:00,Sunday,R104,80
05:00,Sunday,R105,135
05:00,Sunday,R106,80
05:00,Sunday,R107,80
05:00,Sunday,R108,80
05:00,Sunday,R109,100
05:00,Sunday,R110,125
05:00,Sunday,R111,93
05:00,Sunday,R112,99
05:15,Sunday,R101,148
05:15,Sunday,R102,111
05:15,Sunday,R103,194
05:15,Sunday,R104,84
05:15,Sunday,R105,134
05:15,Sunday,R106,80
05:15,Sunday,R107,80
05:15,Sunday,R108,80
05:15,Sunday,R109,89
05:15,Sunday,R110,142
05:15,Sunday,R111,114
05:15,Sunday,R112,143
05:30,Sunday,R101,198
05:30,Sunday,R102,91
05:30,Sunday,R103,138
05:30,Sunday,R104,80
05:30,Sunday,R105,115
05:30,Sunday,R106,80
05:30,Sunday,R107,86
05:30,Sunday,R108,80
05:30,Sunday,R109,96
05:30,Sunday,R110,145
05:30,Sunday,R111,80
05:30,Sunday,R112,188
05:45,Sunday,R101,164
05:45,Sunday,R102,80
05:45,Sunday,R103,155
05:45,Sunday,R104,91
05:45,Sunday,R105,107
05:45,Sunday,R106,100
05:45,Sunday,R107,87
05:45,Sunday,R108,80
05:45,Sunday,R109,108
05:45,Sunday,R110,127
05:45,Sunday,R111,126
05:45,Sunday,R112,100
06:00,Sunday,R101,179
06:00,Sunday,R102,122
06:00,Sunday,R103,176
06:00,Sunday,R104,80
06:00,Sunday,R105,80
06:00,Sunday,R106,81
06:00,Sunday,R107,80
06:00,Sunday,R108,101
06:00,Sunday,R109,80
06:00,Sunday,R110,161
06:00,Sunday,R111,143
06:00,Sunday,R112,132
06:15,Sunday,R101,150
06:15,Sunday,R102,115
06:15,Sunday,R103,164
06:15,Sunday,R104,112
06:15,Sunday,R105,101
06:15,Sunday,R106,119
06:15,Sunday,R107,80
06:15,Sunday,R108,80
06:15,Sunday,R109,133
06:15,Sunday,R110,81
06:15,Sunday,R111,83
06:15,Sunday,R112,226
06:30,Sunday,R101,194
06:30,Sunday,R102,106
06:30,Sunday,R103,174
06:30,Sunday,R104,104
06:30,Sunday,R105,126
06:30,Sunday,R106,102
06:30,Sunday,R107,80
06:30,Sunday,R108,114
06:30,Sunday,R109,120
06:30,Sunday,R110,164
06:30,Sunday,R111,80
06:30,Sunday,R112,190
06:45,Sunday,R101,205
06:45,Sunday,R102,154
06:45,Sunday,R103,171
06:45,Sunday,R104,92
06:45,Sunday,R105,150
06:45,Sunday,R106,82
06:45,Sunday,R107,80
06:45,Sunday,R108,80
06:45,Sunday,R109,143
06:45,Sunday,R110,141
06:45,Sunday,R111,99
06:45,Sunday,R112,173
07:00,Sunday,R101,188
07:00,Sunday,R102,128
07:00,Sunday,R103,228
07:00,Sunday,R104,115
07:00,Sunday,R105,173
07:00,Sunday,R106,128
07:00,Sunday,R107,115
07:00,Sunday,R108,135
07:00,Sunday,R109,142
07:00,Sunday,R110,190
07:00,Sunday,R111,99
07:00,Sunday,R112,256
07:15,Sunday,R101,320
07:15,Sunday,R102,191
07:15,Sunday,R103,266
07:15,Sunday,R104,191
07:15,Sunday,R105,163
07:15,Sunday,R106,103
07:15,Sunday,R107,134
07:15,Sunday,R108,107
07:15,Sunday,R109,173
07:15,Sunday,R110,177
07:15,Sunday,R111,87
07:15,Sunday,R112,230
07:30,Sunday,R101,339
07:30,Sunday,R102,219
07:30,Sunday,R103,340
07:30,Sunday,R104,170
07:30,Sunday,R105,167
07:30,Sunday,R106,137
07:30,Sunday,R107,130
07:30,Sunday,R108,144
07:30,Sunday,R109,182
07:30,Sunday,R110,263
07:30,Sunday,R111,201
07:30,Sunday,R112,264
07:45,Sunday,R101,406
07:45,Sunday,R102,242
07:45,Sunday,R103,392
07:45,Sunday,R104,252
07:45,Sunday,R105,248
07:45,Sunday,R106,164
07:45,Sunday,R107,84
07:45,Sunday,R108,133
07:45,Sunday,R109,228
07:45,Sunday,R110,245
07:45,Sunday,R111,183
07:45,Sunday,R112,305
08:00,Sunday,R101,425
08:00,Sunday,R102,295
08:00,Sunday,R103,422
08:00,Sunday,R104,302
08:00,Sunday,R105,251
08:00,Sunday,R106,183
08:00,Sunday,R107,178
08:00,Sunday,R108,188
08:00,Sunday,R109,306
08:00,Sunday,R110,242
08:00,Sunday,R111,239
08:00,Sunday,R112,414
08:15,Sunday,R101,501
08:15,Sunday,R102,358
08:15,Sunday,R103,515
08:15,Sunday,R104,310
08:15,Sunday,R105,321
08:15,Sunday,R106,184
08:15,Sunday,R107,197
08:15,Sunday,R108,254
08:15,Sunday,R109,331
08:15,Sunday,R110,406
08:15,Sunday,R111,262
08:15,Sunday,R112,405
08:30,Sunday,R101,636
08:30,Sunday,R102,447
08:30,Sunday,R103,608
08:30,Sunday,R104,396
08:30,Sunday,R105,380
08:30,Sunday,R106,290
08:30,Sunday,R107,294
08:30,Sunday,R108,264
08:30,Sunday,R109,385
08:30,Sunday,R110,425
08:30,Sunday,R111,370
08:30,Sunday,R112,548
08:45,Sunday,R101,788
08:45,Sunday,R102,555
08:45,Sunday,R103,728
08:45,Sunday,R104,460
08:45,Sunday,R105,421
08:45,Sunday,R106,270
08:45,Sunday,R107,307
08:45,Sunday,R108,325
08:45,Sunday,R109,473
08:45,Sunday,R110,512
08:45,Sunday,R111,363
08:45,Sunday,R112,587
09:00,Sunday,R101,787
09:00,Sunday,R102,561
09:00,Sunday,R103,785
09:00,Sunday,R104,482
09:00,Sunday,R105,452
09:00,Sunday,R106,389
09:00,Sunday,R107,323
09:00,Sunday,R108,337
09:00,Sunday,R109,541
09:00,Sunday,R110,594
09:00,Sunday,R111,419
09:00,Sunday,R112,719
09:15,Sunday,R101,897
09:15,Sunday,R102,642
09:15,Sunday,R103,853
09:15,Sunday,R104,618
09:15,Sunday,R105,503
09:15,Sunday,R106,406
09:15,Sunday,R107,408
09:15,Sunday,R108,355
09:15,Sunday,R109,641
09:15,Sunday,R110,641
09:15,Sunday,R111,468
09:15,Sunday,R112,748
09:30,Sunday,R101,895
09:30,Sunday,R102,681
09:30,Sunday,R103,978
09:30,Sunday,R104,613
09:30,Sunday,R105,549
09:30,Sunday,R106,370
09:30,Sunday,R107,422
09:30,Sunday,R108,446
09:30,Sunday,R109,673
09:30,Sunday,R110,682
09:30,Sunday,R111,470
09:30,Sunday,R112,835
09:45,Sunday,R101,1033
09:45,Sunday,R102,741
09:45,Sunday,R103,998
09:45,Sunday,R104,617
09:45,Sunday,R105,577
09:45,Sunday,R106,444
09:45,Sunday,R107,420
09:45,Sunday,R108,422
09:45,Sunday,R109,702
09:45,Sunday,R110,719
09:45,Sunday,R111,508
09:45,Sunday,R112,860
10:00,Sunday,R101,946
10:00,Sunday,R102,727
10:00,Sunday,R103,1029
10:00,Sunday,R104,596
10:00,Sunday,R105,629
10:00,Sunday,R106,446
10:00,Sunday,R107,444
10:00,Sunday,R108,454
10:00,Sunday,R109,679
10:00,Sunday,R110,721
10:00,Sunday,R111,480
10:00,Sunday,R112,862
10:15,Sunday,R101,957
10:15,Sunday,R102,783
10:15,Sunday,R103,995
10:15,Sunday,R104,660
10:15,Sunday,R105,534
10:15,Sunday,R106,466
10:15,Sunday,R107,455
10:15,Sunday,R108,417
10:15,Sunday,R109,682
10:15,Sunday,R110,705
10:15,Sunday,R111,533
10:15,Sunday,R112,789
10:30,Sunday,R101,983
10:30,Sunday,R102,669
10:30,Sunday,R103,968
10:30,Sunday,R104,605
10:30,Sunday,R105,549
10:30,Sunday,R106,418
10:30,Sunday,R107,382
10:30,Sunday,R108,422
10:30,Sunday,R109,606
10:30,Sunday,R110,680
10:30,Sunday,R111,448
10:30,Sunday,R112,777
10:45,Sunday,R101,893
10:45,Sunday,R102,604
10:45,Sunday,R103,903
10:45,Sunday,R104,532
10:45,Sunday,R105,534
10:45,Sunday,R106,366
10:45,Sunday,R107,371
10:45,Sunday,R108,376
10:45,Sunday,R109,591
10:45,Sunday,R110,618
10:45,Sunday,R111,387
10:45,Sunday,R112,785
11:00,Sunday,R101,868
11:00,Sunday,R102,662
11:00,Sunday,R103,819
11:00,Sunday,R104,534
11:00,Sunday,R105,431
11:00,Sunday,R106,391
11:00,Sunday,R107,366
11:00,Sunday,R108,322
11:00,Sunday,R109,585
11:00,Sunday,R110,558
11:00,Sunday,R111,374
11:00,Sunday,R112,707
11:15,Sunday,R101,679
11:15,Sunday,R102,546
11:15,Sunday,R103,686
11:15,Sunday,R104,427
11:15,Sunday,R105,400
11:15,Sunday,R106,333
11:15,Sunday,R107,291
11:15,Sunday,R108,261
11:15,Sunday,R109,473
11:15,Sunday,R110,501
11:15,Sunday,R111,313
11:15,Sunday,R112,581
11:30,Sunday,R101,678
11:30,Sunday,R102,429
11:30,Sunday,R103,613
11:30,Sunday,R104,381
11:30,Sunday,R105,358
11:30,Sunday,R106,288
11:30,Sunday,R107,289
11:30,Sunday,R108,247
11:30,Sunday,R109,389
11:30,Sunday,R110,469
11:30,Sunday,R111,295
11:30,Sunday,R112,573
11:45,Sunday,R101,473
11:45,Sunday,R102,388
11:45,Sunday,R103,575
11:45,Sunday,R104,321
11:45,Sunday,R105,310
11:45,Sunday,R106,240
11:45,Sunday,R107,212
11:45,Sunday,R108,208
11:45,Sunday,R109,347
11:45,Sunday,R110,359
11:45,Sunday,R111,285
11:45,Sunday,R112,463
12:00,Sunday,R101,454
12:00,Sunday,R102,343
12:00,Sunday,R103,435
12:00,Sunday,R104,256
12:00,Sunday,R105,254
12:00,Sunday,R106,197
12:00,Sunday,R107,163
12:00,Sunday,R108,168
12:00,Sunday,R109,283
12:00,Sunday,R110,372
12:00,Sunday,R111,145
12:00,Sunday,R112,375
12:15,Sunday,R101,421
12:15,Sunday,R102,274
12:15,Sunday,R103,387
12:15,Sunday,R104,231
12:15,Sunday,R105,212
12:15,Sunday,R106,110
12:15,Sunday,R107,164
12:15,Sunday,R108,131
12:15,Sunday,R109,226
12:15,Sunday,R110,259
12:15,Sunday,R111,225
12:15,Sunday,R112,379
12:30,Sunday,R101,327
12:30,Sunday,R102,217
12:30,Sunday,R103,280
12:30,Sunday,R104,202
12:30,Sunday,R105,241
12:30,Sunday,R106,135
12:30,Sunday,R107,80
12:30,Sunday,R108,143
12:30,Sunday,R109,230
12:30,Sunday,R110,193
12:30,Sunday,R111,159
12:30,Sunday,R112,281
12:45,Sunday,R101,278
12:45,Sunday,R102,178
12:45,Sunday,R103,291
12:45,Sunday,R104,152
12:45,Sunday,R105,135
12:45,Sunday,R106,80
12:45,Sunday,R107,148
12:45,Sunday,R108,124
12:45,Sunday,R109,177
12:45,Sunday,R110,193
12:45,Sunday,R111,121
12:45,Sunday,R112,205
13:00,Sunday,R101,240
13:00,Sunday,R102,123
13:00,Sunday,R103,216
13:00,Sunday,R104,135
13:00,Sunday,R105,170
13:00,Sunday,R106,109
13:00,Sunday,R107,123
13:00,Sunday,R108,130
13:00,Sunday,R109,181
13:00,Sunday,R110,196
13:00,Sunday,R111,120
13:00,Sunday,R112,182
13:15,Sunday,R101,252
13:15,Sunday,R102,206
13:15,Sunday,R103,226
13:15,Sunday,R104,180
13:15,Sunday,R105,107
13:15,Sunday,R106,80
13:15,Sunday,R107,118
13:15,Sunday,R108,96
13:15,Sunday,R109,175
13:15,Sunday,R110,172
13:15,Sunday,R111,91
13:15,Sunday,R112,187
13:30,Sunday,R101,190
13:30,Sunday,R102,131
13:30,Sunday,R103,236
13:30,Sunday,R104,150
13:30,Sunday,R105,152
13:30,Sunday,R106,80
13:30,Sunday,R107,85
13:30,Sunday,R108,80
13:30,Sunday,R109,168
13:30,Sunday,R110,155
13:30,Sunday,R111,83
13:30,Sunday,R112,189
13:45,Sunday,R101,218
13:45,Sunday,R102,201
13:45,Sunday,R103,200
13:45,Sunday,R104,97
13:45,Sunday,R105,92
13:45,Sunday,R106,102
13:45,Sunday,R107,82
13:45,Sunday,R108,80
13:45,Sunday,R109,172
13:45,Sunday,R110,190
13:45,Sunday,R111,112
13:45,Sunday,R112,227
14:00,Sunday,R101,267
14:00,Sunday,R102,156
14:00,Sunday,R103,209
14:00,Sunday,R104,164
14:00,Sunday,R105,165
14:00,Sunday,R106,115
14:00,Sunday,R107,82
14:00,Sunday,R108,111
14:00,Sunday,R109,135
14:00,Sunday,R110,182
14:00,Sunday,R111,157
14:00,Sunday,R112,191
14:15,Sunday,R101,239
14:15,Sunday,R102,170
14:15,Sunday,R103,289
14:15,Sunday,R104,168
14:15,Sunday,R105,168
14:15,Sunday,R106,110
14:15,Sunday,R107,128
14:15,Sunday,R108,87
14:15,Sunday,R109,182
14:15,Sunday,R110,185
14:15,Sunday,R111,111
14:15,Sunday,R112,215
14:30,Sunday,R101,307
14:30,Sunday,R102,224
14:30,Sunday,R103,310
14:30,Sunday,R104,95
14:30,Sunday,R105,173
14:30,Sunday,R106,129
14:30,Sunday,R107,170
14:30,Sunday,R108,97
14:30,Sunday,R109,206
14:30,Sunday,R110,267
14:30,Sunday,R111,119
14:30,Sunday,R112,275
14:45,Sunday,R101,347
14:45,Sunday,R102,250
14:45,Sunday,R103,337
14:45,Sunday,R104,203
14:45,Sunday,R105,290
14:45,Sunday,R106,182
14:45,Sunday,R107,182
14:45,Sunday,R108,158
14:45,Sunday,R109,198
14:45,Sunday,R110,274
14:45,Sunday,R111,203
14:45,Sunday,R112,288
15:00,Sunday,R101,453
15:00,Sunday,R102,326
15:00,Sunday,R103,468
15:00,Sunday,R104,252
15:00,Sunday,R105,231
15:00,Sunday,R106,180
15:00,Sunday,R107,218
15:00,Sunday,R108,127
15:00,Sunday,R109,231
15:00,Sunday,R110,309
15:00,Sunday,R111,195
15:00,Sunday,R112,363
15:15,Sunday,R101,526
15:15,Sunday,R102,350
15:15,Sunday,R103,452
15:15,Sunday,R104,363
15:15,Sunday,R105,275
15:15,Sunday,R106,194
15:15,Sunday,R107,241
15:15,Sunday,R108,194
15:15,Sunday,R109,334
15:15,Sunday,R110,369
15:15,Sunday,R111,268
15:15,Sunday,R112,419
15:30,Sunday,R101,625
15:30,Sunday,R102,372
15:30,Sunday,R103,606
15:30,Sunday,R104,346
15:30,Sunday,R105,383
15:30,Sunday,R106,261
15:30,Sunday,R107,233
15:30,Sunday,R108,256
15:30,Sunday,R109,418
15:30,Sunday,R110,430
15:30,Sunday,R111,255
15:30,Sunday,R112,488
15:45,Sunday,R101,675
15:45,Sunday,R102,492
15:45,Sunday,R103,704
15:45,Sunday,R104,377
15:45,Sunday,R105,409
15:45,Sunday,R106,290
15:45,Sunday,R107,269
15:45,Sunday,R108,260
15:45,Sunday,R109,455
15:45,Sunday,R110,386
15:45,Sunday,R111,307
15:45,Sunday,R112,557
16:00,Sunday,R101,788
16:00,Sunday,R102,542
16:00,Sunday,R103,772
16:00,Sunday,R104,529
16:00,Sunday,R105,480
16:00,Sunday,R106,361
16:00,Sunday,R107,318
16:00,Sunday,R108,332
16:00,Sunday,R109,523
16:00,Sunday,R110,535
16:00,Sunday,R111,379
16:00,Sunday,R112,644
16:15,Sunday,R101,920
16:15,Sunday,R102,627
16:15,Sunday,R103,901
16:15,Sunday,R104,589
16:15,Sunday,R105,534
16:15,Sunday,R106,344
16:15,Sunday,R107,383
16:15,Sunday,R108,380
16:15,Sunday,R109,620
16:15,Sunday,R110,574
16:15,Sunday,R111,397
16:15,Sunday,R112,777
16:30,Sunday,R101,916
16:30,Sunday,R102,687
16:30,Sunday,R103,1036
16:30,Sunday,R104,610
16:30,Sunday,R105,540
16:30,Sunday,R106,395
16:30,Sunday,R107,418
16:30,Sunday,R108,363
16:30,Sunday,R109,651
16:30,Sunday,R110,673
16:30,Sunday,R111,488
16:30,Sunday,R112,844
16:45,Sunday,R101,990
16:45,Sunday,R102,792
16:45,Sunday,R103,1032
16:45,Sunday,R104,624
16:45,Sunday,R105,597
16:45,Sunday,R106,486
16:45,Sunday,R107,447
16:45,Sunday,R108,428
16:45,Sunday,R109,764
16:45,Sunday,R110,669
16:45,Sunday,R111,459
16:45,Sunday,R112,820
17:00,Sunday,R101,1099
17:00,Sunday,R102,801
17:00,Sunday,R103,1183
17:00,Sunday,R104,707
17:00,Sunday,R105,624
17:00,Sunday,R106,476
17:00,Sunday,R107,471
17:00,Sunday,R108,411
17:00,Sunday,R109,846
17:00,Sunday,R110,772
17:00,Sunday,R111,524
17:00,Sunday,R112,961
17:15,Sunday,R101,1153
17:15,Sunday,R102,817
17:15,Sunday,R103,1112
17:15,Sunday,R104,744
17:15,Sunday,R105,668
17:15,Sunday,R106,471
17:15,Sunday,R107,519
17:15,Sunday,R108,476
17:15,Sunday,R109,806
17:15,Sunday,R110,828
17:15,Sunday,R111,537
17:15,Sunday,R112,981
17:30,Sunday,R101,1171
17:30,Sunday,R102,804
17:30,Sunday,R103,1161
17:30,Sunday,R104,737
17:30,Sunday,R105,635
17:30,Sunday,R106,555
17:30,Sunday,R107,454
17:30,Sunday,R108,441
17:30,Sunday,R109,836
17:30,Sunday,R110,813
17:30,Sunday,R111,517
17:30,Sunday,R112,1005
17:45,Sunday,R101,1191
17:45,Sunday,R102,821
17:45,Sunday,R103,1279
17:45,Sunday,R104,668
17:45,Sunday,R105,677
17:45,Sunday,R106,521
17:45,Sunday,R107,506
17:45,Sunday,R108,463
17:45,Sunday,R109,770
17:45,Sunday,R110,795
17:45,Sunday,R111,557
17:45,Sunday,R112,994
18:00,Sunday,R101,1132
18:00,Sunday,R102,759
18:00,Sunday,R103,1095
18:00,Sunday,R104,670
18:00,Sunday,R105,624
18:00,Sunday,R106,501
18:00,Sunday,R107,470
18:00,Sunday,R108,518
18:00,Sunday,R109,760
18:00,Sunday,R110,756
18:00,Sunday,R111,522
18:00,Sunday,R112,909
18:15,Sunday,R101,1021
18:15,Sunday,R102,790
18:15,Sunday,R103,1051
18:15,Sunday,R104,638
18:15,Sunday,R105,577
18:15,Sunday,R106,439
18:15,Sunday,R107,444
18:15,Sunday,R108,458
18:15,Sunday,R109,669
18:15,Sunday,R110,705
18:15,Sunday,R111,495
18:15,Sunday,R112,812
18:30,Sunday,R101,913
18:30,Sunday,R102,675
18:30,Sunday,R103,933
18:30,Sunday,R104,616
18:30,Sunday,R105,555
18:30,Sunday,R106,403
18:30,Sunday,R107,420
18:30,Sunday,R108,439
18:30,Sunday,R109,707
18:30,Sunday,R110,606
18:30,Sunday,R111,470
18:30,Sunday,R112,813
18:45,Sunday,R101,868
18:45,Sunday,R102,621
18:45,Sunday,R103,881
18:45,Sunday,R104,557
18:45,Sunday,R105,494
18:45,Sunday,R106,357
18:45,Sunday,R107,360
18:45,Sunday,R108,365
18:45,Sunday,R109,612
18:45,Sunday,R110,627
18:45,Sunday,R111,401
18:45,Sunday,R112,753
19:00,Sunday,R101,802
19:00,Sunday,R102,592
19:00,Sunday,R103,777
19:00,Sunday,R104,485
19:00,Sunday,R105,460
19:00,Sunday,R106,310
19:00,Sunday,R107,326
19:00,Sunday,R108,337
19:00,Sunday,R109,545
19:00,Sunday,R110,534
19:00,Sunday,R111,375
19:00,Sunday,R112,637
19:15,Sunday,R101,696
19:15,Sunday,R102,491
19:15,Sunday,R103,672
19:15,Sunday,R104,419
19:15,Sunday,R105,399
19:15,Sunday,R106,286
19:15,Sunday,R107,306
19:15,Sunday,R108,269
19:15,Sunday,R109,500
19:15,Sunday,R110,512
19:15,Sunday,R111,302
19:15,Sunday,R112,581
19:30,Sunday,R101,568
19:30,Sunday,R102,417
19:30,Sunday,R103,639
19:30,Sunday,R104,359
19:30,Sunday,R105,357
19:30,Sunday,R106,271
19:30,Sunday,R107,225
19:30,Sunday,R108,218
19:30,Sunday,R109,365
19:30,Sunday,R110,391
19:30,Sunday,R111,209
19:30,Sunday,R112,514
19:45,Sunday,R101,553
19:45,Sunday,R102,367
19:45,Sunday,R103,463
19:45,Sunday,R104,295
19:45,Sunday,R105,289
19:45,Sunday,R106,195
19:45,Sunday,R107,235
19:45,Sunday,R108,224
19:45,Sunday,R109,306
19:45,Sunday,R110,375
19:45,Sunday,R111,279
19:45,Sunday,R112,475
20:00,Sunday,R101,499
20:00,Sunday,R102,286
20:00,Sunday,R103,492
20:00,Sunday,R104,253
20:00,Sunday,R105,243
20:00,Sunday,R106,196
20:00,Sunday,R107,167
20:00,Sunday,R108,182
20:00,Sunday,R109,249
20:00,Sunday,R110,300
20:00,Sunday,R111,237
20:00,Sunday,R112,361
20:15,Sunday,R101,368
20:15,Sunday,R102,273
20:15,Sunday,R103,384
20:15,Sunday,R104,178
20:15,Sunday,R105,236
20:15,Sunday,R106,154
20:15,Sunday,R107,158
20:15,Sunday,R108,172
20:15,Sunday,R109,207
20:15,Sunday,R110,237
20:15,Sunday,R111,127
20:15,Sunday,R112,294
20:30,Sunday,R101,347
20:30,Sunday,R102,220
20:30,Sunday,R103,267
20:30,Sunday,R104,173
20:30,Sunday,R105,154
20:30,Sunday,R106,110
20:30,Sunday,R107,141
20:30,Sunday,R108,94
20:30,Sunday,R109,227
20:30,Sunday,R110,225
20:30,Sunday,R111,153
20:30,Sunday,R112,255
20:45,Sunday,R101,291
20:45,Sunday,R102,212
20:45,Sunday,R103,266
20:45,Sunday,R104,172
20:45,Sunday,R105,162
20:45,Sunday,R106,133
20:45,Sunday,R107,105
20:45,Sunday,R108,105
20:45,Sunday,R109,163
20:45,Sunday,R110,188
20:45,Sunday,R111,113
20:45,Sunday,R112,238
21:00,Sunday,R101,273
21:00,Sunday,R102,198
21:00,Sunday,R103,193
21:00,Sunday,R104,169
21:00,Sunday,R105,141
21:00,Sunday,R106,121
21:00,Sunday,R107,80
21:00,Sunday,R108,95
21:00,Sunday,R109,155
21:00,Sunday,R110,140
21:00,Sunday,R111,131
21:00,Sunday,R112,232
21:15,Sunday,R101,212
21:15,Sunday,R102,185
21:15,Sunday,R103,195
21:15,Sunday,R104,142
21:15,Sunday,R105,80
21:15,Sunday,R106,156
21:15,Sunday,R107,126
21:15,Sunday,R108,80
21:15,Sunday,R109,80
21:15,Sunday,R110,168
21:15,Sunday,R111,80
21:15,Sunday,R112,188
21:30,Sunday,R101,210
21:30,Sunday,R102,114
21:30,Sunday,R103,209
21:30,Sunday,R104,129
21:30,Sunday,R105,150
21:30,Sunday,R106,88
21:30,Sunday,R107,80
21:30,Sunday,R108,99
21:30,Sunday,R109,111
21:30,Sunday,R110,114
21:30,Sunday,R111,130
21:30,Sunday,R112,215
21:45,Sunday,R101,186
21:45,Sunday,R102,183
21:45,Sunday,R103,171
21:45,Sunday,R104,91
21:45,Sunday,R105,103
21:45,Sunday,R106,123
21:45,Sunday,R107,80
21:45,Sunday,R108,87
21:45,Sunday,R109,95
21:45,Sunday,R110,129
21:45,Sunday,R111,116
21:45,Sunday,R112,142
22:00,Sunday,R101,169
22:00,Sunday,R102,151
22:00,Sunday,R103,200
22:00,Sunday,R104,111
22:00,Sunday,R105,97
22:00,Sunday,R106,80
22:00,Sunday,R107,80
22:00,Sunday,R108,80
22:00,Sunday,R109,80
22:00,Sunday,R110,153
22:00,Sunday,R111,88
22:00,Sunday,R112,102
22:15,Sunday,R101,151
22:15,Sunday,R102,106
22:15,Sunday,R103,153
22:15,Sunday,R104,139
22:15,Sunday,R105,117
22:15,Sunday,R106,80
22:15,Sunday,R107,80
22:15,Sunday,R108,80
22:15,Sunday,R109,107
22:15,Sunday,R110,146
22:15,Sunday,R111,114
22:15,Sunday,R112,139
22:30,Sunday,R101,211
22:30,Sunday,R102,139
22:30,Sunday,R103,133
22:30,Sunday,R104,145
22:30,Sunday,R105,117
22:30,Sunday,R106,80
22:30,Sunday,R107,110
22:30,Sunday,R108,114
22:30,Sunday,R109,95
22:30,Sunday,R110,116
22:30,Sunday,R111,80
22:30,Sunday,R112,155
22:45,Sunday,R101,200
22:45,Sunday,R102,129
22:45,Sunday,R103,151
22:45,Sunday,R104,125
22:45,Sunday,R105,100
22:45,Sunday,R106,100
22:45,Sunday,R107,80
22:45,Sunday,R108,80
22:45,Sunday,R109,92
22:45,Sunday,R110,126
22:45,Sunday,R111,80
22:45,Sunday,R112,168
23:00,Sunday,R101,148
23:00,Sunday,R102,95
23:00,Sunday,R103,200
23:00,Sunday,R104,111
23:00,Sunday,R105,80
23:00,Sunday,R106,80
23:00,Sunday,R107,80
23:00,Sunday,R108,80
23:00,Sunday,R109,80
23:00,Sunday,R110,123
23:00,Sunday,R111,80
23:00,Sunday,R112,135
23:15,Sunday,R101,125
23:15,Sunday,R102,115
23:15,Sunday,R103,136
23:15,Sunday,R104,124
23:15,Sunday,R105,141
23:15,Sunday,R106,93
23:15,Sunday,R107,80
23:15,Sunday,R108,109
23:15,Sunday,R109,80
23:15,Sunday,R110,91
23:15,Sunday,R111,80
23:15,Sunday,R112,189
23:30,Sunday,R101,160
23:30,Sunday,R102,108
23:30,Sunday,R103,110
23:30,Sunday,R104,110
23:30,Sunday,R105,130
23:30,Sunday,R106,93
23:30,Sunday,R107,80
23:30,Sunday,R108,80
23:30,Sunday,R109,80
23:30,Sunday,R110,128
23:30,Sunday,R111,80
23:30,Sunday,R112,103
23:45,Sunday,R101,155
23:45,Sunday,R102,100
23:45,Sunday,R103,132
23:45,Sunday,R104,98
23:45,Sunday,R105,108
23:45,Sunday,R106,80
23:45,Sunday,R107,80
23:45,Sunday,R108,80
23:45,Sunday,R109,95
23:45,Sunday,R110,129
23:45,Sunday,R111,80
23:45,Sunday,R112,157
